Using pre-set license
Built from '2021.3/staging' branch; Version is '2021.3.26f1 (a16dc32e0ff2) revision 10579395'; Using compiler version '192829333'; Build Type 'Release'
OS: 'Windows 10  (10.0.19045) 64bit Professional' Language: 'ko' Physical Memory: 16075 MB
BatchMode: 1, IsHumanControllingUs: 0, StartBugReporterOnCrash: 0, Is64bit: 1, IsPro: 1

COMMAND LINE ARGUMENTS:
C:\Program Files\Unity\Hub\Editor\2021.3.26f1\Editor\Unity.exe
-adb2
-batchMode
-noUpm
-name
AssetImportWorker2
-projectPath
C:/Users/Chobaa/Documents/GitHub/VertexBeat/VertexBeat
-logFile
Logs/AssetImportWorker2.log
-srvPort
60509
Successfully changed project path to: C:/Users/Chobaa/Documents/GitHub/VertexBeat/VertexBeat
C:/Users/Chobaa/Documents/GitHub/VertexBeat/VertexBeat
[UnityMemory] Configuration Parameters - Can be set up in boot.config
    "memorysetup-bucket-allocator-granularity=16"
    "memorysetup-bucket-allocator-bucket-count=8"
    "memorysetup-bucket-allocator-block-size=33554432"
    "memorysetup-bucket-allocator-block-count=8"
    "memorysetup-main-allocator-block-size=16777216"
    "memorysetup-thread-allocator-block-size=16777216"
    "memorysetup-gfx-main-allocator-block-size=16777216"
    "memorysetup-gfx-thread-allocator-block-size=16777216"
    "memorysetup-cache-allocator-block-size=4194304"
    "memorysetup-typetree-allocator-block-size=2097152"
    "memorysetup-profiler-bucket-allocator-granularity=16"
    "memorysetup-profiler-bucket-allocator-bucket-count=8"
    "memorysetup-profiler-bucket-allocator-block-size=33554432"
    "memorysetup-profiler-bucket-allocator-block-count=8"
    "memorysetup-profiler-allocator-block-size=16777216"
    "memorysetup-profiler-editor-allocator-block-size=1048576"
    "memorysetup-temp-allocator-size-main=16777216"
    "memorysetup-job-temp-allocator-block-size=2097152"
    "memorysetup-job-temp-allocator-block-size-background=1048576"
    "memorysetup-job-temp-allocator-reduction-small-platforms=262144"
    "memorysetup-temp-allocator-size-background-worker=32768"
    "memorysetup-temp-allocator-size-job-worker=262144"
    "memorysetup-temp-allocator-size-preload-manager=33554432"
    "memorysetup-temp-allocator-size-nav-mesh-worker=65536"
    "memorysetup-temp-allocator-size-audio-worker=65536"
    "memorysetup-temp-allocator-size-cloud-worker=32768"
    "memorysetup-temp-allocator-size-gi-baking-worker=262144"
    "memorysetup-temp-allocator-size-gfx=262144"
Player connection [7404] Host "[IP] 192.168.0.54 [Port] 0 [Flags] 2 [Guid] 1265265377 [EditorId] 1265265377 [Version] 1048832 [Id] WindowsEditor(7,DESKTOP-60AD21I) [Debug] 1 [PackageName] WindowsEditor [ProjectName] Editor" joined multi-casting on [225.0.0.222:54997]...

Player connection [7404] Host "[IP] 192.168.0.54 [Port] 0 [Flags] 2 [Guid] 1265265377 [EditorId] 1265265377 [Version] 1048832 [Id] WindowsEditor(7,DESKTOP-60AD21I) [Debug] 1 [PackageName] WindowsEditor [ProjectName] Editor" joined alternative multi-casting on [225.0.0.222:34997]...

Refreshing native plugins compatible for Editor in 77.25 ms, found 3 plugins.
Preloading 0 native plugins for Editor in 0.00 ms.
Initialize engine version: 2021.3.26f1 (a16dc32e0ff2)
[Subsystems] Discovering subsystems at path C:/Program Files/Unity/Hub/Editor/2021.3.26f1/Editor/Data/Resources/UnitySubsystems
[Subsystems] Discovering subsystems at path C:/Users/Chobaa/Documents/GitHub/VertexBeat/VertexBeat/Assets
GfxDevice: creating device client; threaded=0; jobified=0
Direct3D:
    Version:  Direct3D 11.0 [level 11.1]
    Renderer: NVIDIA GeForce RTX 3050 Ti Laptop GPU (ID=0x25a0)
    Vendor:   NVIDIA
    VRAM:     3976 MB
    Driver:   31.0.15.3179
Initialize mono
Mono path[0] = 'C:/Program Files/Unity/Hub/Editor/2021.3.26f1/Editor/Data/Managed'
Mono path[1] = 'C:/Program Files/Unity/Hub/Editor/2021.3.26f1/Editor/Data/MonoBleedingEdge/lib/mono/unityjit-win32'
Mono config path = 'C:/Program Files/Unity/Hub/Editor/2021.3.26f1/Editor/Data/MonoBleedingEdge/etc'
Using monoOptions --debugger-agent=transport=dt_socket,embedding=1,server=y,suspend=n,address=127.0.0.1:56172
Begin MonoManager ReloadAssembly
Registering precompiled unity dll's ...
Register platform support module: C:/Program Files/Unity/Hub/Editor/2021.3.26f1/Editor/Data/PlaybackEngines/AndroidPlayer/UnityEditor.Android.Extensions.dll
Register platform support module: C:/Program Files/Unity/Hub/Editor/2021.3.26f1/Editor/Data/PlaybackEngines/WindowsStandaloneSupport/UnityEditor.WindowsStandalone.Extensions.dll
Registered in 0.007458 seconds.
Native extension for WindowsStandalone target not found
Native extension for Android target not found
Android Extension - Scanning For ADB Devices 231 ms
Refreshing native plugins compatible for Editor in 63.36 ms, found 3 plugins.
Preloading 0 native plugins for Editor in 0.00 ms.
Mono: successfully reloaded assembly
- Completed reload, in  0.894 seconds
Domain Reload Profiling:
	ReloadAssembly (895ms)
		BeginReloadAssembly (77ms)
			ExecutionOrderSort (0ms)
			DisableScriptedObjects (0ms)
			BackupInstance (0ms)
			ReleaseScriptingObjects (0ms)
			CreateAndSetChildDomain (1ms)
		EndReloadAssembly (714ms)
			LoadAssemblies (76ms)
			RebuildTransferFunctionScriptingTraits (0ms)
			SetupTypeCache (100ms)
			ReleaseScriptCaches (0ms)
			RebuildScriptCaches (28ms)
			SetupLoadedEditorAssemblies (534ms)
				LogAssemblyErrors (0ms)
				InitializePlatformSupportModulesInManaged (324ms)
				SetLoadedEditorAssemblies (0ms)
				RefreshPlugins (63ms)
				BeforeProcessingInitializeOnLoad (1ms)
				ProcessInitializeOnLoadAttributes (101ms)
				ProcessInitializeOnLoadMethodAttributes (45ms)
				AfterProcessingInitializeOnLoad (0ms)
				EditorAssembliesLoaded (0ms)
			ExecutionOrderSort2 (0ms)
			AwakeInstancesAfterBackupRestoration (0ms)
Platform modules already initialized, skipping
Registering precompiled user dll's ...
Registered in 0.004555 seconds.
Begin MonoManager ReloadAssembly
Symbol file LoadedFromMemory doesn't match image C:\Users\Chobaa\Documents\GitHub\VertexBeat\VertexBeat\Library\PackageCache\com.unity.visualscripting@1.8.0\Editor\VisualScripting.Core\Dependencies\YamlDotNet\Unity.VisualScripting.YamlDotNet.dll
Symbol file LoadedFromMemory doesn't match image C:\Users\Chobaa\Documents\GitHub\VertexBeat\VertexBeat\Library\PackageCache\com.unity.visualscripting@1.8.0\Editor\VisualScripting.Core\Dependencies\DotNetZip\Unity.VisualScripting.IonicZip.dll
Native extension for WindowsStandalone target not found
Native extension for Android target not found
Refreshing native plugins compatible for Editor in 0.57 ms, found 3 plugins.
Preloading 0 native plugins for Editor in 0.00 ms.
Mono: successfully reloaded assembly
- Completed reload, in  0.955 seconds
Domain Reload Profiling:
	ReloadAssembly (956ms)
		BeginReloadAssembly (96ms)
			ExecutionOrderSort (0ms)
			DisableScriptedObjects (6ms)
			BackupInstance (0ms)
			ReleaseScriptingObjects (0ms)
			CreateAndSetChildDomain (17ms)
		EndReloadAssembly (751ms)
			LoadAssemblies (69ms)
			RebuildTransferFunctionScriptingTraits (0ms)
			SetupTypeCache (248ms)
			ReleaseScriptCaches (0ms)
			RebuildScriptCaches (47ms)
			SetupLoadedEditorAssemblies (332ms)
				LogAssemblyErrors (0ms)
				InitializePlatformSupportModulesInManaged (21ms)
				SetLoadedEditorAssemblies (0ms)
				RefreshPlugins (1ms)
				BeforeProcessingInitializeOnLoad (75ms)
				ProcessInitializeOnLoadAttributes (206ms)
				ProcessInitializeOnLoadMethodAttributes (20ms)
				AfterProcessingInitializeOnLoad (8ms)
				EditorAssembliesLoaded (0ms)
			ExecutionOrderSort2 (0ms)
			AwakeInstancesAfterBackupRestoration (6ms)
Platform modules already initialized, skipping
========================================================================
Worker process is ready to serve import requests
Launched and connected shader compiler UnityShaderCompiler.exe after 0.04 seconds
Refreshing native plugins compatible for Editor in 0.41 ms, found 3 plugins.
Preloading 0 native plugins for Editor in 0.00 ms.
Unloading 3054 Unused Serialized files (Serialized files now loaded: 0)
Unloading 22 unused Assets / (284.1 KB). Loaded Objects now: 3520.
Memory consumption went from 112.5 MB to 112.2 MB.
Total: 2.838700 ms (FindLiveObjects: 0.309400 ms CreateObjectMapping: 0.084300 ms MarkObjects: 2.356800 ms  DeleteObjects: 0.087100 ms)

AssetImportParameters requested are different than current active one (requested -> active):
  custom:video-decoder-ogg-theora: a1e56fd34408186e4bbccfd4996cb3dc -> 
  custom:container-muxer-webm: aa71ff27fc2769a1b78a27578f13a17b -> 
  custom:container-demuxer-webm: 4f35f7cbe854078d1ac9338744f61a02 -> 
  custom:video-encoder-webm-vp8: eb34c28f22e8b96e1ab97ce403110664 -> 
  custom:audio-encoder-webm-vorbis: bf7c407c2cedff20999df2af8eb42d56 -> 
  custom:framework-win-MediaFoundation: 216162199b28c13a410421893ffa2e32 -> 
  custom:container-demuxer-ogg: 62fdf1f143b41e24485cea50d1cbac27 -> 
  custom:video-decoder-webm-vp8: 9c59270c3fd7afecdb556c50c9e8de78 -> 
  custom:audio-decoder-ogg-vorbis: bf7c407c2cedff20999df2af8eb42d56 -> 
========================================================================
Received Prepare
Registering precompiled user dll's ...
Registered in 0.005890 seconds.
Begin MonoManager ReloadAssembly
Symbol file LoadedFromMemory doesn't match image C:\Users\Chobaa\Documents\GitHub\VertexBeat\VertexBeat\Library\PackageCache\com.unity.visualscripting@1.8.0\Editor\VisualScripting.Core\Dependencies\YamlDotNet\Unity.VisualScripting.YamlDotNet.dll
Symbol file LoadedFromMemory doesn't match image C:\Users\Chobaa\Documents\GitHub\VertexBeat\VertexBeat\Library\PackageCache\com.unity.visualscripting@1.8.0\Editor\VisualScripting.Core\Dependencies\DotNetZip\Unity.VisualScripting.IonicZip.dll
Native extension for WindowsStandalone target not found
Native extension for Android target not found
Refreshing native plugins compatible for Editor in 0.48 ms, found 3 plugins.
Preloading 0 native plugins for Editor in 0.00 ms.
Mono: successfully reloaded assembly
- Completed reload, in  0.931 seconds
Domain Reload Profiling:
	ReloadAssembly (932ms)
		BeginReloadAssembly (136ms)
			ExecutionOrderSort (0ms)
			DisableScriptedObjects (6ms)
			BackupInstance (0ms)
			ReleaseScriptingObjects (0ms)
			CreateAndSetChildDomain (32ms)
		EndReloadAssembly (703ms)
			LoadAssemblies (84ms)
			RebuildTransferFunctionScriptingTraits (0ms)
			SetupTypeCache (241ms)
			ReleaseScriptCaches (1ms)
			RebuildScriptCaches (39ms)
			SetupLoadedEditorAssemblies (296ms)
				LogAssemblyErrors (0ms)
				InitializePlatformSupportModulesInManaged (22ms)
				SetLoadedEditorAssemblies (0ms)
				RefreshPlugins (1ms)
				BeforeProcessingInitializeOnLoad (60ms)
				ProcessInitializeOnLoadAttributes (184ms)
				ProcessInitializeOnLoadMethodAttributes (20ms)
				AfterProcessingInitializeOnLoad (8ms)
				EditorAssembliesLoaded (0ms)
			ExecutionOrderSort2 (0ms)
			AwakeInstancesAfterBackupRestoration (6ms)
Platform modules already initialized, skipping
Refreshing native plugins compatible for Editor in 1.60 ms, found 3 plugins.
Preloading 0 native plugins for Editor in 0.00 ms.
Unloading 3046 Unused Serialized files (Serialized files now loaded: 0)
Unloading 15 unused Assets / (24.7 KB). Loaded Objects now: 3523.
Memory consumption went from 111.6 MB to 111.6 MB.
Total: 2.655600 ms (FindLiveObjects: 0.209900 ms CreateObjectMapping: 0.066600 ms MarkObjects: 2.364700 ms  DeleteObjects: 0.013300 ms)

AssetImportParameters requested are different than current active one (requested -> active):
  custom:video-decoder-ogg-theora: a1e56fd34408186e4bbccfd4996cb3dc -> 
  custom:container-muxer-webm: aa71ff27fc2769a1b78a27578f13a17b -> 
  custom:container-demuxer-webm: 4f35f7cbe854078d1ac9338744f61a02 -> 
  custom:video-encoder-webm-vp8: eb34c28f22e8b96e1ab97ce403110664 -> 
  custom:audio-encoder-webm-vorbis: bf7c407c2cedff20999df2af8eb42d56 -> 
  custom:framework-win-MediaFoundation: 216162199b28c13a410421893ffa2e32 -> 
  custom:container-demuxer-ogg: 62fdf1f143b41e24485cea50d1cbac27 -> 
  custom:video-decoder-webm-vp8: 9c59270c3fd7afecdb556c50c9e8de78 -> 
  custom:audio-decoder-ogg-vorbis: bf7c407c2cedff20999df2af8eb42d56 -> 
========================================================================
Received Prepare
Registering precompiled user dll's ...
Registered in 0.005254 seconds.
Begin MonoManager ReloadAssembly
Symbol file LoadedFromMemory doesn't match image C:\Users\Chobaa\Documents\GitHub\VertexBeat\VertexBeat\Library\PackageCache\com.unity.visualscripting@1.8.0\Editor\VisualScripting.Core\Dependencies\YamlDotNet\Unity.VisualScripting.YamlDotNet.dll
Symbol file LoadedFromMemory doesn't match image C:\Users\Chobaa\Documents\GitHub\VertexBeat\VertexBeat\Library\PackageCache\com.unity.visualscripting@1.8.0\Editor\VisualScripting.Core\Dependencies\DotNetZip\Unity.VisualScripting.IonicZip.dll
Native extension for WindowsStandalone target not found
Native extension for Android target not found
Refreshing native plugins compatible for Editor in 0.62 ms, found 3 plugins.
Preloading 0 native plugins for Editor in 0.00 ms.
Mono: successfully reloaded assembly
- Completed reload, in  1.101 seconds
Domain Reload Profiling:
	ReloadAssembly (1101ms)
		BeginReloadAssembly (154ms)
			ExecutionOrderSort (0ms)
			DisableScriptedObjects (6ms)
			BackupInstance (0ms)
			ReleaseScriptingObjects (0ms)
			CreateAndSetChildDomain (33ms)
		EndReloadAssembly (835ms)
			LoadAssemblies (107ms)
			RebuildTransferFunctionScriptingTraits (0ms)
			SetupTypeCache (291ms)
			ReleaseScriptCaches (1ms)
			RebuildScriptCaches (48ms)
			SetupLoadedEditorAssemblies (345ms)
				LogAssemblyErrors (0ms)
				InitializePlatformSupportModulesInManaged (26ms)
				SetLoadedEditorAssemblies (1ms)
				RefreshPlugins (1ms)
				BeforeProcessingInitializeOnLoad (68ms)
				ProcessInitializeOnLoadAttributes (215ms)
				ProcessInitializeOnLoadMethodAttributes (24ms)
				AfterProcessingInitializeOnLoad (10ms)
				EditorAssembliesLoaded (0ms)
			ExecutionOrderSort2 (0ms)
			AwakeInstancesAfterBackupRestoration (8ms)
Platform modules already initialized, skipping
Refreshing native plugins compatible for Editor in 1.81 ms, found 3 plugins.
Preloading 0 native plugins for Editor in 0.00 ms.
Unloading 3046 Unused Serialized files (Serialized files now loaded: 0)
Unloading 15 unused Assets / (24.7 KB). Loaded Objects now: 3526.
Memory consumption went from 111.7 MB to 111.6 MB.
Total: 2.837300 ms (FindLiveObjects: 0.253500 ms CreateObjectMapping: 0.076000 ms MarkObjects: 2.486800 ms  DeleteObjects: 0.019900 ms)

AssetImportParameters requested are different than current active one (requested -> active):
  custom:video-decoder-ogg-theora: a1e56fd34408186e4bbccfd4996cb3dc -> 
  custom:container-muxer-webm: aa71ff27fc2769a1b78a27578f13a17b -> 
  custom:container-demuxer-webm: 4f35f7cbe854078d1ac9338744f61a02 -> 
  custom:video-encoder-webm-vp8: eb34c28f22e8b96e1ab97ce403110664 -> 
  custom:audio-encoder-webm-vorbis: bf7c407c2cedff20999df2af8eb42d56 -> 
  custom:framework-win-MediaFoundation: 216162199b28c13a410421893ffa2e32 -> 
  custom:container-demuxer-ogg: 62fdf1f143b41e24485cea50d1cbac27 -> 
  custom:video-decoder-webm-vp8: 9c59270c3fd7afecdb556c50c9e8de78 -> 
  custom:audio-decoder-ogg-vorbis: bf7c407c2cedff20999df2af8eb42d56 -> 
========================================================================
Received Prepare
Registering precompiled user dll's ...
Registered in 0.006568 seconds.
Begin MonoManager ReloadAssembly
Symbol file LoadedFromMemory doesn't match image C:\Users\Chobaa\Documents\GitHub\VertexBeat\VertexBeat\Library\PackageCache\com.unity.visualscripting@1.8.0\Editor\VisualScripting.Core\Dependencies\YamlDotNet\Unity.VisualScripting.YamlDotNet.dll
Symbol file LoadedFromMemory doesn't match image C:\Users\Chobaa\Documents\GitHub\VertexBeat\VertexBeat\Library\PackageCache\com.unity.visualscripting@1.8.0\Editor\VisualScripting.Core\Dependencies\DotNetZip\Unity.VisualScripting.IonicZip.dll
Native extension for WindowsStandalone target not found
Native extension for Android target not found
Refreshing native plugins compatible for Editor in 0.45 ms, found 3 plugins.
Preloading 0 native plugins for Editor in 0.00 ms.
Mono: successfully reloaded assembly
- Completed reload, in  0.926 seconds
Domain Reload Profiling:
	ReloadAssembly (926ms)
		BeginReloadAssembly (144ms)
			ExecutionOrderSort (0ms)
			DisableScriptedObjects (6ms)
			BackupInstance (0ms)
			ReleaseScriptingObjects (0ms)
			CreateAndSetChildDomain (32ms)
		EndReloadAssembly (688ms)
			LoadAssemblies (93ms)
			RebuildTransferFunctionScriptingTraits (0ms)
			SetupTypeCache (236ms)
			ReleaseScriptCaches (1ms)
			RebuildScriptCaches (40ms)
			SetupLoadedEditorAssemblies (287ms)
				LogAssemblyErrors (0ms)
				InitializePlatformSupportModulesInManaged (21ms)
				SetLoadedEditorAssemblies (1ms)
				RefreshPlugins (1ms)
				BeforeProcessingInitializeOnLoad (58ms)
				ProcessInitializeOnLoadAttributes (179ms)
				ProcessInitializeOnLoadMethodAttributes (19ms)
				AfterProcessingInitializeOnLoad (8ms)
				EditorAssembliesLoaded (0ms)
			ExecutionOrderSort2 (0ms)
			AwakeInstancesAfterBackupRestoration (6ms)
Platform modules already initialized, skipping
Refreshing native plugins compatible for Editor in 1.54 ms, found 3 plugins.
Preloading 0 native plugins for Editor in 0.00 ms.
Unloading 3046 Unused Serialized files (Serialized files now loaded: 0)
Unloading 15 unused Assets / (24.6 KB). Loaded Objects now: 3529.
Memory consumption went from 111.7 MB to 111.6 MB.
Total: 2.536400 ms (FindLiveObjects: 0.209900 ms CreateObjectMapping: 0.065000 ms MarkObjects: 2.247400 ms  DeleteObjects: 0.013400 ms)

AssetImportParameters requested are different than current active one (requested -> active):
  custom:video-decoder-ogg-theora: a1e56fd34408186e4bbccfd4996cb3dc -> 
  custom:container-muxer-webm: aa71ff27fc2769a1b78a27578f13a17b -> 
  custom:container-demuxer-webm: 4f35f7cbe854078d1ac9338744f61a02 -> 
  custom:video-encoder-webm-vp8: eb34c28f22e8b96e1ab97ce403110664 -> 
  custom:audio-encoder-webm-vorbis: bf7c407c2cedff20999df2af8eb42d56 -> 
  custom:framework-win-MediaFoundation: 216162199b28c13a410421893ffa2e32 -> 
  custom:container-demuxer-ogg: 62fdf1f143b41e24485cea50d1cbac27 -> 
  custom:video-decoder-webm-vp8: 9c59270c3fd7afecdb556c50c9e8de78 -> 
  custom:audio-decoder-ogg-vorbis: bf7c407c2cedff20999df2af8eb42d56 -> 
========================================================================
Received Prepare
Registering precompiled user dll's ...
Registered in 0.004748 seconds.
Begin MonoManager ReloadAssembly
Symbol file LoadedFromMemory doesn't match image C:\Users\Chobaa\Documents\GitHub\VertexBeat\VertexBeat\Library\PackageCache\com.unity.visualscripting@1.8.0\Editor\VisualScripting.Core\Dependencies\YamlDotNet\Unity.VisualScripting.YamlDotNet.dll
Symbol file LoadedFromMemory doesn't match image C:\Users\Chobaa\Documents\GitHub\VertexBeat\VertexBeat\Library\PackageCache\com.unity.visualscripting@1.8.0\Editor\VisualScripting.Core\Dependencies\DotNetZip\Unity.VisualScripting.IonicZip.dll
Native extension for WindowsStandalone target not found
Native extension for Android target not found
Refreshing native plugins compatible for Editor in 0.73 ms, found 3 plugins.
Preloading 0 native plugins for Editor in 0.00 ms.
Mono: successfully reloaded assembly
- Completed reload, in  1.118 seconds
Domain Reload Profiling:
	ReloadAssembly (1119ms)
		BeginReloadAssembly (158ms)
			ExecutionOrderSort (0ms)
			DisableScriptedObjects (6ms)
			BackupInstance (0ms)
			ReleaseScriptingObjects (0ms)
			CreateAndSetChildDomain (30ms)
		EndReloadAssembly (843ms)
			LoadAssemblies (118ms)
			RebuildTransferFunctionScriptingTraits (0ms)
			SetupTypeCache (286ms)
			ReleaseScriptCaches (1ms)
			RebuildScriptCaches (48ms)
			SetupLoadedEditorAssemblies (353ms)
				LogAssemblyErrors (0ms)
				InitializePlatformSupportModulesInManaged (26ms)
				SetLoadedEditorAssemblies (0ms)
				RefreshPlugins (1ms)
				BeforeProcessingInitializeOnLoad (70ms)
				ProcessInitializeOnLoadAttributes (219ms)
				ProcessInitializeOnLoadMethodAttributes (25ms)
				AfterProcessingInitializeOnLoad (11ms)
				EditorAssembliesLoaded (0ms)
			ExecutionOrderSort2 (0ms)
			AwakeInstancesAfterBackupRestoration (8ms)
Platform modules already initialized, skipping
Refreshing native plugins compatible for Editor in 2.05 ms, found 3 plugins.
Preloading 0 native plugins for Editor in 0.00 ms.
Unloading 3046 Unused Serialized files (Serialized files now loaded: 0)
Unloading 15 unused Assets / (24.6 KB). Loaded Objects now: 3532.
Memory consumption went from 111.7 MB to 111.7 MB.
Total: 2.813200 ms (FindLiveObjects: 0.312300 ms CreateObjectMapping: 0.145700 ms MarkObjects: 2.335800 ms  DeleteObjects: 0.018500 ms)

AssetImportParameters requested are different than current active one (requested -> active):
  custom:video-decoder-ogg-theora: a1e56fd34408186e4bbccfd4996cb3dc -> 
  custom:container-muxer-webm: aa71ff27fc2769a1b78a27578f13a17b -> 
  custom:container-demuxer-webm: 4f35f7cbe854078d1ac9338744f61a02 -> 
  custom:video-encoder-webm-vp8: eb34c28f22e8b96e1ab97ce403110664 -> 
  custom:audio-encoder-webm-vorbis: bf7c407c2cedff20999df2af8eb42d56 -> 
  custom:framework-win-MediaFoundation: 216162199b28c13a410421893ffa2e32 -> 
  custom:container-demuxer-ogg: 62fdf1f143b41e24485cea50d1cbac27 -> 
  custom:video-decoder-webm-vp8: 9c59270c3fd7afecdb556c50c9e8de78 -> 
  custom:audio-decoder-ogg-vorbis: bf7c407c2cedff20999df2af8eb42d56 -> 
========================================================================
Received Prepare
Registering precompiled user dll's ...
Registered in 0.006811 seconds.
Begin MonoManager ReloadAssembly
Symbol file LoadedFromMemory doesn't match image C:\Users\Chobaa\Documents\GitHub\VertexBeat\VertexBeat\Library\PackageCache\com.unity.visualscripting@1.8.0\Editor\VisualScripting.Core\Dependencies\YamlDotNet\Unity.VisualScripting.YamlDotNet.dll
Symbol file LoadedFromMemory doesn't match image C:\Users\Chobaa\Documents\GitHub\VertexBeat\VertexBeat\Library\PackageCache\com.unity.visualscripting@1.8.0\Editor\VisualScripting.Core\Dependencies\DotNetZip\Unity.VisualScripting.IonicZip.dll
Native extension for WindowsStandalone target not found
Native extension for Android target not found
Refreshing native plugins compatible for Editor in 0.50 ms, found 3 plugins.
Preloading 0 native plugins for Editor in 0.00 ms.
Mono: successfully reloaded assembly
- Completed reload, in  0.929 seconds
Domain Reload Profiling:
	ReloadAssembly (930ms)
		BeginReloadAssembly (142ms)
			ExecutionOrderSort (0ms)
			DisableScriptedObjects (6ms)
			BackupInstance (0ms)
			ReleaseScriptingObjects (0ms)
			CreateAndSetChildDomain (31ms)
		EndReloadAssembly (690ms)
			LoadAssemblies (89ms)
			RebuildTransferFunctionScriptingTraits (0ms)
			SetupTypeCache (235ms)
			ReleaseScriptCaches (1ms)
			RebuildScriptCaches (39ms)
			SetupLoadedEditorAssemblies (292ms)
				LogAssemblyErrors (0ms)
				InitializePlatformSupportModulesInManaged (22ms)
				SetLoadedEditorAssemblies (0ms)
				RefreshPlugins (1ms)
				BeforeProcessingInitializeOnLoad (61ms)
				ProcessInitializeOnLoadAttributes (177ms)
				ProcessInitializeOnLoadMethodAttributes (21ms)
				AfterProcessingInitializeOnLoad (9ms)
				EditorAssembliesLoaded (0ms)
			ExecutionOrderSort2 (0ms)
			AwakeInstancesAfterBackupRestoration (7ms)
Platform modules already initialized, skipping
Refreshing native plugins compatible for Editor in 1.56 ms, found 3 plugins.
Preloading 0 native plugins for Editor in 0.00 ms.
Unloading 3046 Unused Serialized files (Serialized files now loaded: 0)
Unloading 15 unused Assets / (24.6 KB). Loaded Objects now: 3535.
Memory consumption went from 111.7 MB to 111.7 MB.
Total: 2.582900 ms (FindLiveObjects: 0.216000 ms CreateObjectMapping: 0.074500 ms MarkObjects: 2.276600 ms  DeleteObjects: 0.014800 ms)

AssetImportParameters requested are different than current active one (requested -> active):
  custom:video-decoder-ogg-theora: a1e56fd34408186e4bbccfd4996cb3dc -> 
  custom:container-muxer-webm: aa71ff27fc2769a1b78a27578f13a17b -> 
  custom:container-demuxer-webm: 4f35f7cbe854078d1ac9338744f61a02 -> 
  custom:video-encoder-webm-vp8: eb34c28f22e8b96e1ab97ce403110664 -> 
  custom:audio-encoder-webm-vorbis: bf7c407c2cedff20999df2af8eb42d56 -> 
  custom:framework-win-MediaFoundation: 216162199b28c13a410421893ffa2e32 -> 
  custom:container-demuxer-ogg: 62fdf1f143b41e24485cea50d1cbac27 -> 
  custom:video-decoder-webm-vp8: 9c59270c3fd7afecdb556c50c9e8de78 -> 
  custom:audio-decoder-ogg-vorbis: bf7c407c2cedff20999df2af8eb42d56 -> 
========================================================================
Received Prepare
Registering precompiled user dll's ...
Registered in 0.006276 seconds.
Begin MonoManager ReloadAssembly
Symbol file LoadedFromMemory doesn't match image C:\Users\Chobaa\Documents\GitHub\VertexBeat\VertexBeat\Library\PackageCache\com.unity.visualscripting@1.8.0\Editor\VisualScripting.Core\Dependencies\YamlDotNet\Unity.VisualScripting.YamlDotNet.dll
Symbol file LoadedFromMemory doesn't match image C:\Users\Chobaa\Documents\GitHub\VertexBeat\VertexBeat\Library\PackageCache\com.unity.visualscripting@1.8.0\Editor\VisualScripting.Core\Dependencies\DotNetZip\Unity.VisualScripting.IonicZip.dll
Native extension for WindowsStandalone target not found
Native extension for Android target not found
Refreshing native plugins compatible for Editor in 0.61 ms, found 3 plugins.
Preloading 0 native plugins for Editor in 0.00 ms.
Mono: successfully reloaded assembly
- Completed reload, in  1.113 seconds
Domain Reload Profiling:
	ReloadAssembly (1114ms)
		BeginReloadAssembly (164ms)
			ExecutionOrderSort (0ms)
			DisableScriptedObjects (6ms)
			BackupInstance (0ms)
			ReleaseScriptingObjects (0ms)
			CreateAndSetChildDomain (34ms)
		EndReloadAssembly (834ms)
			LoadAssemblies (116ms)
			RebuildTransferFunctionScriptingTraits (0ms)
			SetupTypeCache (283ms)
			ReleaseScriptCaches (1ms)
			RebuildScriptCaches (47ms)
			SetupLoadedEditorAssemblies (351ms)
				LogAssemblyErrors (0ms)
				InitializePlatformSupportModulesInManaged (27ms)
				SetLoadedEditorAssemblies (0ms)
				RefreshPlugins (1ms)
				BeforeProcessingInitializeOnLoad (70ms)
				ProcessInitializeOnLoadAttributes (220ms)
				ProcessInitializeOnLoadMethodAttributes (24ms)
				AfterProcessingInitializeOnLoad (9ms)
				EditorAssembliesLoaded (0ms)
			ExecutionOrderSort2 (0ms)
			AwakeInstancesAfterBackupRestoration (8ms)
Platform modules already initialized, skipping
Refreshing native plugins compatible for Editor in 1.82 ms, found 3 plugins.
Preloading 0 native plugins for Editor in 0.00 ms.
Unloading 3046 Unused Serialized files (Serialized files now loaded: 0)
Unloading 15 unused Assets / (24.6 KB). Loaded Objects now: 3538.
Memory consumption went from 111.7 MB to 111.7 MB.
Total: 2.806800 ms (FindLiveObjects: 0.262400 ms CreateObjectMapping: 0.072900 ms MarkObjects: 2.451600 ms  DeleteObjects: 0.019100 ms)

AssetImportParameters requested are different than current active one (requested -> active):
  custom:video-decoder-ogg-theora: a1e56fd34408186e4bbccfd4996cb3dc -> 
  custom:container-muxer-webm: aa71ff27fc2769a1b78a27578f13a17b -> 
  custom:container-demuxer-webm: 4f35f7cbe854078d1ac9338744f61a02 -> 
  custom:video-encoder-webm-vp8: eb34c28f22e8b96e1ab97ce403110664 -> 
  custom:audio-encoder-webm-vorbis: bf7c407c2cedff20999df2af8eb42d56 -> 
  custom:framework-win-MediaFoundation: 216162199b28c13a410421893ffa2e32 -> 
  custom:container-demuxer-ogg: 62fdf1f143b41e24485cea50d1cbac27 -> 
  custom:video-decoder-webm-vp8: 9c59270c3fd7afecdb556c50c9e8de78 -> 
  custom:audio-decoder-ogg-vorbis: bf7c407c2cedff20999df2af8eb42d56 -> 
========================================================================
Received Prepare
Registering precompiled user dll's ...
Registered in 0.007570 seconds.
Begin MonoManager ReloadAssembly
Symbol file LoadedFromMemory doesn't match image C:\Users\Chobaa\Documents\GitHub\VertexBeat\VertexBeat\Library\PackageCache\com.unity.visualscripting@1.8.0\Editor\VisualScripting.Core\Dependencies\YamlDotNet\Unity.VisualScripting.YamlDotNet.dll
Symbol file LoadedFromMemory doesn't match image C:\Users\Chobaa\Documents\GitHub\VertexBeat\VertexBeat\Library\PackageCache\com.unity.visualscripting@1.8.0\Editor\VisualScripting.Core\Dependencies\DotNetZip\Unity.VisualScripting.IonicZip.dll
Native extension for WindowsStandalone target not found
Native extension for Android target not found
Refreshing native plugins compatible for Editor in 0.51 ms, found 3 plugins.
Preloading 0 native plugins for Editor in 0.00 ms.
Mono: successfully reloaded assembly
- Completed reload, in  1.075 seconds
Domain Reload Profiling:
	ReloadAssembly (1076ms)
		BeginReloadAssembly (161ms)
			ExecutionOrderSort (0ms)
			DisableScriptedObjects (6ms)
			BackupInstance (0ms)
			ReleaseScriptingObjects (0ms)
			CreateAndSetChildDomain (35ms)
		EndReloadAssembly (796ms)
			LoadAssemblies (110ms)
			RebuildTransferFunctionScriptingTraits (0ms)
			SetupTypeCache (282ms)
			ReleaseScriptCaches (1ms)
			RebuildScriptCaches (48ms)
			SetupLoadedEditorAssemblies (328ms)
				LogAssemblyErrors (0ms)
				InitializePlatformSupportModulesInManaged (21ms)
				SetLoadedEditorAssemblies (0ms)
				RefreshPlugins (1ms)
				BeforeProcessingInitializeOnLoad (59ms)
				ProcessInitializeOnLoadAttributes (212ms)
				ProcessInitializeOnLoadMethodAttributes (24ms)
				AfterProcessingInitializeOnLoad (10ms)
				EditorAssembliesLoaded (0ms)
			ExecutionOrderSort2 (0ms)
			AwakeInstancesAfterBackupRestoration (8ms)
Platform modules already initialized, skipping
Refreshing native plugins compatible for Editor in 1.80 ms, found 3 plugins.
Preloading 0 native plugins for Editor in 0.00 ms.
Unloading 3046 Unused Serialized files (Serialized files now loaded: 0)
Unloading 15 unused Assets / (24.6 KB). Loaded Objects now: 3541.
Memory consumption went from 111.7 MB to 111.7 MB.
Total: 2.929500 ms (FindLiveObjects: 0.253400 ms CreateObjectMapping: 0.071700 ms MarkObjects: 2.583700 ms  DeleteObjects: 0.019600 ms)

AssetImportParameters requested are different than current active one (requested -> active):
  custom:video-decoder-ogg-theora: a1e56fd34408186e4bbccfd4996cb3dc -> 
  custom:container-muxer-webm: aa71ff27fc2769a1b78a27578f13a17b -> 
  custom:container-demuxer-webm: 4f35f7cbe854078d1ac9338744f61a02 -> 
  custom:video-encoder-webm-vp8: eb34c28f22e8b96e1ab97ce403110664 -> 
  custom:audio-encoder-webm-vorbis: bf7c407c2cedff20999df2af8eb42d56 -> 
  custom:framework-win-MediaFoundation: 216162199b28c13a410421893ffa2e32 -> 
  custom:container-demuxer-ogg: 62fdf1f143b41e24485cea50d1cbac27 -> 
  custom:video-decoder-webm-vp8: 9c59270c3fd7afecdb556c50c9e8de78 -> 
  custom:audio-decoder-ogg-vorbis: bf7c407c2cedff20999df2af8eb42d56 -> 
========================================================================
Received Prepare
Registering precompiled user dll's ...
Registered in 0.006404 seconds.
Begin MonoManager ReloadAssembly
Symbol file LoadedFromMemory doesn't match image C:\Users\Chobaa\Documents\GitHub\VertexBeat\VertexBeat\Library\PackageCache\com.unity.visualscripting@1.8.0\Editor\VisualScripting.Core\Dependencies\YamlDotNet\Unity.VisualScripting.YamlDotNet.dll
Symbol file LoadedFromMemory doesn't match image C:\Users\Chobaa\Documents\GitHub\VertexBeat\VertexBeat\Library\PackageCache\com.unity.visualscripting@1.8.0\Editor\VisualScripting.Core\Dependencies\DotNetZip\Unity.VisualScripting.IonicZip.dll
Native extension for WindowsStandalone target not found
Native extension for Android target not found
Refreshing native plugins compatible for Editor in 0.50 ms, found 3 plugins.
Preloading 0 native plugins for Editor in 0.00 ms.
Mono: successfully reloaded assembly
- Completed reload, in  0.921 seconds
Domain Reload Profiling:
	ReloadAssembly (922ms)
		BeginReloadAssembly (137ms)
			ExecutionOrderSort (0ms)
			DisableScriptedObjects (6ms)
			BackupInstance (0ms)
			ReleaseScriptingObjects (0ms)
			CreateAndSetChildDomain (28ms)
		EndReloadAssembly (689ms)
			LoadAssemblies (93ms)
			RebuildTransferFunctionScriptingTraits (0ms)
			SetupTypeCache (230ms)
			ReleaseScriptCaches (1ms)
			RebuildScriptCaches (41ms)
			SetupLoadedEditorAssemblies (291ms)
				LogAssemblyErrors (0ms)
				InitializePlatformSupportModulesInManaged (21ms)
				SetLoadedEditorAssemblies (0ms)
				RefreshPlugins (1ms)
				BeforeProcessingInitializeOnLoad (60ms)
				ProcessInitializeOnLoadAttributes (182ms)
				ProcessInitializeOnLoadMethodAttributes (20ms)
				AfterProcessingInitializeOnLoad (8ms)
				EditorAssembliesLoaded (0ms)
			ExecutionOrderSort2 (0ms)
			AwakeInstancesAfterBackupRestoration (6ms)
Platform modules already initialized, skipping
Refreshing native plugins compatible for Editor in 1.77 ms, found 3 plugins.
Preloading 0 native plugins for Editor in 0.00 ms.
Unloading 3046 Unused Serialized files (Serialized files now loaded: 0)
Unloading 15 unused Assets / (24.6 KB). Loaded Objects now: 3544.
Memory consumption went from 111.7 MB to 111.7 MB.
Total: 3.109100 ms (FindLiveObjects: 0.310900 ms CreateObjectMapping: 0.069000 ms MarkObjects: 2.703500 ms  DeleteObjects: 0.024200 ms)

AssetImportParameters requested are different than current active one (requested -> active):
  custom:video-decoder-ogg-theora: a1e56fd34408186e4bbccfd4996cb3dc -> 
  custom:container-muxer-webm: aa71ff27fc2769a1b78a27578f13a17b -> 
  custom:container-demuxer-webm: 4f35f7cbe854078d1ac9338744f61a02 -> 
  custom:video-encoder-webm-vp8: eb34c28f22e8b96e1ab97ce403110664 -> 
  custom:audio-encoder-webm-vorbis: bf7c407c2cedff20999df2af8eb42d56 -> 
  custom:framework-win-MediaFoundation: 216162199b28c13a410421893ffa2e32 -> 
  custom:container-demuxer-ogg: 62fdf1f143b41e24485cea50d1cbac27 -> 
  custom:video-decoder-webm-vp8: 9c59270c3fd7afecdb556c50c9e8de78 -> 
  custom:audio-decoder-ogg-vorbis: bf7c407c2cedff20999df2af8eb42d56 -> 
========================================================================
Received Prepare
Registering precompiled user dll's ...
Registered in 0.006808 seconds.
Begin MonoManager ReloadAssembly
Symbol file LoadedFromMemory doesn't match image C:\Users\Chobaa\Documents\GitHub\VertexBeat\VertexBeat\Library\PackageCache\com.unity.visualscripting@1.8.0\Editor\VisualScripting.Core\Dependencies\YamlDotNet\Unity.VisualScripting.YamlDotNet.dll
Symbol file LoadedFromMemory doesn't match image C:\Users\Chobaa\Documents\GitHub\VertexBeat\VertexBeat\Library\PackageCache\com.unity.visualscripting@1.8.0\Editor\VisualScripting.Core\Dependencies\DotNetZip\Unity.VisualScripting.IonicZip.dll
Native extension for WindowsStandalone target not found
Native extension for Android target not found
Refreshing native plugins compatible for Editor in 0.59 ms, found 3 plugins.
Preloading 0 native plugins for Editor in 0.00 ms.
Mono: successfully reloaded assembly
- Completed reload, in  0.990 seconds
Domain Reload Profiling:
	ReloadAssembly (991ms)
		BeginReloadAssembly (139ms)
			ExecutionOrderSort (0ms)
			DisableScriptedObjects (6ms)
			BackupInstance (0ms)
			ReleaseScriptingObjects (0ms)
			CreateAndSetChildDomain (28ms)
		EndReloadAssembly (748ms)
			LoadAssemblies (93ms)
			RebuildTransferFunctionScriptingTraits (0ms)
			SetupTypeCache (253ms)
			ReleaseScriptCaches (1ms)
			RebuildScriptCaches (44ms)
			SetupLoadedEditorAssemblies (315ms)
				LogAssemblyErrors (0ms)
				InitializePlatformSupportModulesInManaged (24ms)
				SetLoadedEditorAssemblies (0ms)
				RefreshPlugins (1ms)
				BeforeProcessingInitializeOnLoad (64ms)
				ProcessInitializeOnLoadAttributes (197ms)
				ProcessInitializeOnLoadMethodAttributes (21ms)
				AfterProcessingInitializeOnLoad (8ms)
				EditorAssembliesLoaded (0ms)
			ExecutionOrderSort2 (0ms)
			AwakeInstancesAfterBackupRestoration (7ms)
Platform modules already initialized, skipping
Refreshing native plugins compatible for Editor in 1.56 ms, found 3 plugins.
Preloading 0 native plugins for Editor in 0.00 ms.
Unloading 3046 Unused Serialized files (Serialized files now loaded: 0)
Unloading 15 unused Assets / (24.6 KB). Loaded Objects now: 3547.
Memory consumption went from 111.7 MB to 111.7 MB.
Total: 2.665500 ms (FindLiveObjects: 0.208500 ms CreateObjectMapping: 0.070500 ms MarkObjects: 2.373000 ms  DeleteObjects: 0.012800 ms)

AssetImportParameters requested are different than current active one (requested -> active):
  custom:video-decoder-ogg-theora: a1e56fd34408186e4bbccfd4996cb3dc -> 
  custom:container-muxer-webm: aa71ff27fc2769a1b78a27578f13a17b -> 
  custom:container-demuxer-webm: 4f35f7cbe854078d1ac9338744f61a02 -> 
  custom:video-encoder-webm-vp8: eb34c28f22e8b96e1ab97ce403110664 -> 
  custom:audio-encoder-webm-vorbis: bf7c407c2cedff20999df2af8eb42d56 -> 
  custom:framework-win-MediaFoundation: 216162199b28c13a410421893ffa2e32 -> 
  custom:container-demuxer-ogg: 62fdf1f143b41e24485cea50d1cbac27 -> 
  custom:video-decoder-webm-vp8: 9c59270c3fd7afecdb556c50c9e8de78 -> 
  custom:audio-decoder-ogg-vorbis: bf7c407c2cedff20999df2af8eb42d56 -> 
========================================================================
Received Prepare
Registering precompiled user dll's ...
Registered in 0.007016 seconds.
Begin MonoManager ReloadAssembly
Symbol file LoadedFromMemory doesn't match image C:\Users\Chobaa\Documents\GitHub\VertexBeat\VertexBeat\Library\PackageCache\com.unity.visualscripting@1.8.0\Editor\VisualScripting.Core\Dependencies\YamlDotNet\Unity.VisualScripting.YamlDotNet.dll
Symbol file LoadedFromMemory doesn't match image C:\Users\Chobaa\Documents\GitHub\VertexBeat\VertexBeat\Library\PackageCache\com.unity.visualscripting@1.8.0\Editor\VisualScripting.Core\Dependencies\DotNetZip\Unity.VisualScripting.IonicZip.dll
Native extension for WindowsStandalone target not found
Native extension for Android target not found
Refreshing native plugins compatible for Editor in 0.72 ms, found 3 plugins.
Preloading 0 native plugins for Editor in 0.00 ms.
Mono: successfully reloaded assembly
- Completed reload, in  1.035 seconds
Domain Reload Profiling:
	ReloadAssembly (1035ms)
		BeginReloadAssembly (127ms)
			ExecutionOrderSort (0ms)
			DisableScriptedObjects (6ms)
			BackupInstance (0ms)
			ReleaseScriptingObjects (0ms)
			CreateAndSetChildDomain (30ms)
		EndReloadAssembly (810ms)
			LoadAssemblies (81ms)
			RebuildTransferFunctionScriptingTraits (0ms)
			SetupTypeCache (277ms)
			ReleaseScriptCaches (1ms)
			RebuildScriptCaches (49ms)
			SetupLoadedEditorAssemblies (341ms)
				LogAssemblyErrors (0ms)
				InitializePlatformSupportModulesInManaged (27ms)
				SetLoadedEditorAssemblies (1ms)
				RefreshPlugins (1ms)
				BeforeProcessingInitializeOnLoad (65ms)
				ProcessInitializeOnLoadAttributes (215ms)
				ProcessInitializeOnLoadMethodAttributes (24ms)
				AfterProcessingInitializeOnLoad (9ms)
				EditorAssembliesLoaded (0ms)
			ExecutionOrderSort2 (0ms)
			AwakeInstancesAfterBackupRestoration (7ms)
Platform modules already initialized, skipping
Refreshing native plugins compatible for Editor in 1.76 ms, found 3 plugins.
Preloading 0 native plugins for Editor in 0.00 ms.
Unloading 3046 Unused Serialized files (Serialized files now loaded: 0)
Unloading 15 unused Assets / (24.6 KB). Loaded Objects now: 3550.
Memory consumption went from 111.7 MB to 111.7 MB.
Total: 3.034900 ms (FindLiveObjects: 0.258800 ms CreateObjectMapping: 0.073500 ms MarkObjects: 2.682300 ms  DeleteObjects: 0.019400 ms)

AssetImportParameters requested are different than current active one (requested -> active):
  custom:video-decoder-ogg-theora: a1e56fd34408186e4bbccfd4996cb3dc -> 
  custom:container-muxer-webm: aa71ff27fc2769a1b78a27578f13a17b -> 
  custom:container-demuxer-webm: 4f35f7cbe854078d1ac9338744f61a02 -> 
  custom:video-encoder-webm-vp8: eb34c28f22e8b96e1ab97ce403110664 -> 
  custom:audio-encoder-webm-vorbis: bf7c407c2cedff20999df2af8eb42d56 -> 
  custom:framework-win-MediaFoundation: 216162199b28c13a410421893ffa2e32 -> 
  custom:container-demuxer-ogg: 62fdf1f143b41e24485cea50d1cbac27 -> 
  custom:video-decoder-webm-vp8: 9c59270c3fd7afecdb556c50c9e8de78 -> 
  custom:audio-decoder-ogg-vorbis: bf7c407c2cedff20999df2af8eb42d56 -> 
========================================================================
Received Prepare
Registering precompiled user dll's ...
Registered in 0.006334 seconds.
Begin MonoManager ReloadAssembly
Symbol file LoadedFromMemory doesn't match image C:\Users\Chobaa\Documents\GitHub\VertexBeat\VertexBeat\Library\PackageCache\com.unity.visualscripting@1.8.0\Editor\VisualScripting.Core\Dependencies\YamlDotNet\Unity.VisualScripting.YamlDotNet.dll
Symbol file LoadedFromMemory doesn't match image C:\Users\Chobaa\Documents\GitHub\VertexBeat\VertexBeat\Library\PackageCache\com.unity.visualscripting@1.8.0\Editor\VisualScripting.Core\Dependencies\DotNetZip\Unity.VisualScripting.IonicZip.dll
Native extension for WindowsStandalone target not found
Native extension for Android target not found
Refreshing native plugins compatible for Editor in 0.60 ms, found 3 plugins.
Preloading 0 native plugins for Editor in 0.00 ms.
Mono: successfully reloaded assembly
- Completed reload, in  0.962 seconds
Domain Reload Profiling:
	ReloadAssembly (963ms)
		BeginReloadAssembly (144ms)
			ExecutionOrderSort (0ms)
			DisableScriptedObjects (6ms)
			BackupInstance (0ms)
			ReleaseScriptingObjects (0ms)
			CreateAndSetChildDomain (29ms)
		EndReloadAssembly (723ms)
			LoadAssemblies (95ms)
			RebuildTransferFunctionScriptingTraits (0ms)
			SetupTypeCache (238ms)
			ReleaseScriptCaches (1ms)
			RebuildScriptCaches (39ms)
			SetupLoadedEditorAssemblies (315ms)
				LogAssemblyErrors (0ms)
				InitializePlatformSupportModulesInManaged (23ms)
				SetLoadedEditorAssemblies (0ms)
				RefreshPlugins (1ms)
				BeforeProcessingInitializeOnLoad (63ms)
				ProcessInitializeOnLoadAttributes (196ms)
				ProcessInitializeOnLoadMethodAttributes (21ms)
				AfterProcessingInitializeOnLoad (10ms)
				EditorAssembliesLoaded (0ms)
			ExecutionOrderSort2 (0ms)
			AwakeInstancesAfterBackupRestoration (7ms)
Platform modules already initialized, skipping
Refreshing native plugins compatible for Editor in 1.50 ms, found 3 plugins.
Preloading 0 native plugins for Editor in 0.00 ms.
Unloading 3046 Unused Serialized files (Serialized files now loaded: 0)
Unloading 15 unused Assets / (24.6 KB). Loaded Objects now: 3553.
Memory consumption went from 111.7 MB to 111.7 MB.
Total: 2.608000 ms (FindLiveObjects: 0.212100 ms CreateObjectMapping: 0.077800 ms MarkObjects: 2.304300 ms  DeleteObjects: 0.012900 ms)

AssetImportParameters requested are different than current active one (requested -> active):
  custom:video-decoder-ogg-theora: a1e56fd34408186e4bbccfd4996cb3dc -> 
  custom:container-muxer-webm: aa71ff27fc2769a1b78a27578f13a17b -> 
  custom:container-demuxer-webm: 4f35f7cbe854078d1ac9338744f61a02 -> 
  custom:video-encoder-webm-vp8: eb34c28f22e8b96e1ab97ce403110664 -> 
  custom:audio-encoder-webm-vorbis: bf7c407c2cedff20999df2af8eb42d56 -> 
  custom:framework-win-MediaFoundation: 216162199b28c13a410421893ffa2e32 -> 
  custom:container-demuxer-ogg: 62fdf1f143b41e24485cea50d1cbac27 -> 
  custom:video-decoder-webm-vp8: 9c59270c3fd7afecdb556c50c9e8de78 -> 
  custom:audio-decoder-ogg-vorbis: bf7c407c2cedff20999df2af8eb42d56 -> 
========================================================================
Received Prepare
Registering precompiled user dll's ...
Registered in 0.006655 seconds.
Begin MonoManager ReloadAssembly
Symbol file LoadedFromMemory doesn't match image C:\Users\Chobaa\Documents\GitHub\VertexBeat\VertexBeat\Library\PackageCache\com.unity.visualscripting@1.8.0\Editor\VisualScripting.Core\Dependencies\YamlDotNet\Unity.VisualScripting.YamlDotNet.dll
Symbol file LoadedFromMemory doesn't match image C:\Users\Chobaa\Documents\GitHub\VertexBeat\VertexBeat\Library\PackageCache\com.unity.visualscripting@1.8.0\Editor\VisualScripting.Core\Dependencies\DotNetZip\Unity.VisualScripting.IonicZip.dll
Native extension for WindowsStandalone target not found
Native extension for Android target not found
Refreshing native plugins compatible for Editor in 0.50 ms, found 3 plugins.
Preloading 0 native plugins for Editor in 0.00 ms.
Mono: successfully reloaded assembly
- Completed reload, in  0.925 seconds
Domain Reload Profiling:
	ReloadAssembly (925ms)
		BeginReloadAssembly (138ms)
			ExecutionOrderSort (0ms)
			DisableScriptedObjects (6ms)
			BackupInstance (0ms)
			ReleaseScriptingObjects (0ms)
			CreateAndSetChildDomain (32ms)
		EndReloadAssembly (692ms)
			LoadAssemblies (87ms)
			RebuildTransferFunctionScriptingTraits (0ms)
			SetupTypeCache (235ms)
			ReleaseScriptCaches (1ms)
			RebuildScriptCaches (38ms)
			SetupLoadedEditorAssemblies (297ms)
				LogAssemblyErrors (0ms)
				InitializePlatformSupportModulesInManaged (21ms)
				SetLoadedEditorAssemblies (0ms)
				RefreshPlugins (1ms)
				BeforeProcessingInitializeOnLoad (59ms)
				ProcessInitializeOnLoadAttributes (187ms)
				ProcessInitializeOnLoadMethodAttributes (20ms)
				AfterProcessingInitializeOnLoad (8ms)
				EditorAssembliesLoaded (0ms)
			ExecutionOrderSort2 (0ms)
			AwakeInstancesAfterBackupRestoration (6ms)
Platform modules already initialized, skipping
Refreshing native plugins compatible for Editor in 1.61 ms, found 3 plugins.
Preloading 0 native plugins for Editor in 0.00 ms.
Unloading 3046 Unused Serialized files (Serialized files now loaded: 0)
Unloading 15 unused Assets / (24.7 KB). Loaded Objects now: 3556.
Memory consumption went from 111.7 MB to 111.7 MB.
Total: 2.482000 ms (FindLiveObjects: 0.221900 ms CreateObjectMapping: 0.070400 ms MarkObjects: 2.171500 ms  DeleteObjects: 0.016800 ms)

AssetImportParameters requested are different than current active one (requested -> active):
  custom:video-decoder-ogg-theora: a1e56fd34408186e4bbccfd4996cb3dc -> 
  custom:container-muxer-webm: aa71ff27fc2769a1b78a27578f13a17b -> 
  custom:container-demuxer-webm: 4f35f7cbe854078d1ac9338744f61a02 -> 
  custom:video-encoder-webm-vp8: eb34c28f22e8b96e1ab97ce403110664 -> 
  custom:audio-encoder-webm-vorbis: bf7c407c2cedff20999df2af8eb42d56 -> 
  custom:framework-win-MediaFoundation: 216162199b28c13a410421893ffa2e32 -> 
  custom:container-demuxer-ogg: 62fdf1f143b41e24485cea50d1cbac27 -> 
  custom:video-decoder-webm-vp8: 9c59270c3fd7afecdb556c50c9e8de78 -> 
  custom:audio-decoder-ogg-vorbis: bf7c407c2cedff20999df2af8eb42d56 -> 
========================================================================
Received Prepare
Registering precompiled user dll's ...
Registered in 0.006041 seconds.
Begin MonoManager ReloadAssembly
Symbol file LoadedFromMemory doesn't match image C:\Users\Chobaa\Documents\GitHub\VertexBeat\VertexBeat\Library\PackageCache\com.unity.visualscripting@1.8.0\Editor\VisualScripting.Core\Dependencies\YamlDotNet\Unity.VisualScripting.YamlDotNet.dll
Symbol file LoadedFromMemory doesn't match image C:\Users\Chobaa\Documents\GitHub\VertexBeat\VertexBeat\Library\PackageCache\com.unity.visualscripting@1.8.0\Editor\VisualScripting.Core\Dependencies\DotNetZip\Unity.VisualScripting.IonicZip.dll
Native extension for WindowsStandalone target not found
Native extension for Android target not found
Refreshing native plugins compatible for Editor in 0.59 ms, found 3 plugins.
Preloading 0 native plugins for Editor in 0.00 ms.
Mono: successfully reloaded assembly
- Completed reload, in  1.074 seconds
Domain Reload Profiling:
	ReloadAssembly (1074ms)
		BeginReloadAssembly (150ms)
			ExecutionOrderSort (0ms)
			DisableScriptedObjects (6ms)
			BackupInstance (0ms)
			ReleaseScriptingObjects (0ms)
			CreateAndSetChildDomain (30ms)
		EndReloadAssembly (807ms)
			LoadAssemblies (106ms)
			RebuildTransferFunctionScriptingTraits (0ms)
			SetupTypeCache (282ms)
			ReleaseScriptCaches (1ms)
			RebuildScriptCaches (49ms)
			SetupLoadedEditorAssemblies (333ms)
				LogAssemblyErrors (0ms)
				InitializePlatformSupportModulesInManaged (24ms)
				SetLoadedEditorAssemblies (0ms)
				RefreshPlugins (1ms)
				BeforeProcessingInitializeOnLoad (71ms)
				ProcessInitializeOnLoadAttributes (206ms)
				ProcessInitializeOnLoadMethodAttributes (22ms)
				AfterProcessingInitializeOnLoad (8ms)
				EditorAssembliesLoaded (0ms)
			ExecutionOrderSort2 (0ms)
			AwakeInstancesAfterBackupRestoration (7ms)
Platform modules already initialized, skipping
Refreshing native plugins compatible for Editor in 1.89 ms, found 3 plugins.
Preloading 0 native plugins for Editor in 0.00 ms.
Unloading 3046 Unused Serialized files (Serialized files now loaded: 0)
Unloading 15 unused Assets / (24.7 KB). Loaded Objects now: 3559.
Memory consumption went from 111.7 MB to 111.7 MB.
Total: 2.869400 ms (FindLiveObjects: 0.313000 ms CreateObjectMapping: 0.096100 ms MarkObjects: 2.441300 ms  DeleteObjects: 0.018300 ms)

AssetImportParameters requested are different than current active one (requested -> active):
  custom:video-decoder-ogg-theora: a1e56fd34408186e4bbccfd4996cb3dc -> 
  custom:container-muxer-webm: aa71ff27fc2769a1b78a27578f13a17b -> 
  custom:container-demuxer-webm: 4f35f7cbe854078d1ac9338744f61a02 -> 
  custom:video-encoder-webm-vp8: eb34c28f22e8b96e1ab97ce403110664 -> 
  custom:audio-encoder-webm-vorbis: bf7c407c2cedff20999df2af8eb42d56 -> 
  custom:framework-win-MediaFoundation: 216162199b28c13a410421893ffa2e32 -> 
  custom:container-demuxer-ogg: 62fdf1f143b41e24485cea50d1cbac27 -> 
  custom:video-decoder-webm-vp8: 9c59270c3fd7afecdb556c50c9e8de78 -> 
  custom:audio-decoder-ogg-vorbis: bf7c407c2cedff20999df2af8eb42d56 -> 
========================================================================
Received Prepare
Registering precompiled user dll's ...
Registered in 0.006317 seconds.
Begin MonoManager ReloadAssembly
Symbol file LoadedFromMemory doesn't match image C:\Users\Chobaa\Documents\GitHub\VertexBeat\VertexBeat\Library\PackageCache\com.unity.visualscripting@1.8.0\Editor\VisualScripting.Core\Dependencies\YamlDotNet\Unity.VisualScripting.YamlDotNet.dll
Symbol file LoadedFromMemory doesn't match image C:\Users\Chobaa\Documents\GitHub\VertexBeat\VertexBeat\Library\PackageCache\com.unity.visualscripting@1.8.0\Editor\VisualScripting.Core\Dependencies\DotNetZip\Unity.VisualScripting.IonicZip.dll
Native extension for WindowsStandalone target not found
Native extension for Android target not found
Refreshing native plugins compatible for Editor in 0.43 ms, found 3 plugins.
Preloading 0 native plugins for Editor in 0.00 ms.
Mono: successfully reloaded assembly
- Completed reload, in  0.920 seconds
Domain Reload Profiling:
	ReloadAssembly (920ms)
		BeginReloadAssembly (138ms)
			ExecutionOrderSort (0ms)
			DisableScriptedObjects (6ms)
			BackupInstance (0ms)
			ReleaseScriptingObjects (0ms)
			CreateAndSetChildDomain (29ms)
		EndReloadAssembly (687ms)
			LoadAssemblies (88ms)
			RebuildTransferFunctionScriptingTraits (0ms)
			SetupTypeCache (234ms)
			ReleaseScriptCaches (1ms)
			RebuildScriptCaches (42ms)
			SetupLoadedEditorAssemblies (288ms)
				LogAssemblyErrors (0ms)
				InitializePlatformSupportModulesInManaged (21ms)
				SetLoadedEditorAssemblies (0ms)
				RefreshPlugins (1ms)
				BeforeProcessingInitializeOnLoad (59ms)
				ProcessInitializeOnLoadAttributes (179ms)
				ProcessInitializeOnLoadMethodAttributes (19ms)
				AfterProcessingInitializeOnLoad (8ms)
				EditorAssembliesLoaded (0ms)
			ExecutionOrderSort2 (0ms)
			AwakeInstancesAfterBackupRestoration (6ms)
Platform modules already initialized, skipping
Refreshing native plugins compatible for Editor in 1.49 ms, found 3 plugins.
Preloading 0 native plugins for Editor in 0.00 ms.
Unloading 3046 Unused Serialized files (Serialized files now loaded: 0)
Unloading 15 unused Assets / (24.7 KB). Loaded Objects now: 3562.
Memory consumption went from 111.8 MB to 111.7 MB.
Total: 2.619400 ms (FindLiveObjects: 0.231700 ms CreateObjectMapping: 0.101100 ms MarkObjects: 2.268900 ms  DeleteObjects: 0.016700 ms)

AssetImportParameters requested are different than current active one (requested -> active):
  custom:video-decoder-ogg-theora: a1e56fd34408186e4bbccfd4996cb3dc -> 
  custom:container-muxer-webm: aa71ff27fc2769a1b78a27578f13a17b -> 
  custom:container-demuxer-webm: 4f35f7cbe854078d1ac9338744f61a02 -> 
  custom:video-encoder-webm-vp8: eb34c28f22e8b96e1ab97ce403110664 -> 
  custom:audio-encoder-webm-vorbis: bf7c407c2cedff20999df2af8eb42d56 -> 
  custom:framework-win-MediaFoundation: 216162199b28c13a410421893ffa2e32 -> 
  custom:container-demuxer-ogg: 62fdf1f143b41e24485cea50d1cbac27 -> 
  custom:video-decoder-webm-vp8: 9c59270c3fd7afecdb556c50c9e8de78 -> 
  custom:audio-decoder-ogg-vorbis: bf7c407c2cedff20999df2af8eb42d56 -> 
========================================================================
Received Prepare
Registering precompiled user dll's ...
Registered in 0.006096 seconds.
Begin MonoManager ReloadAssembly
Symbol file LoadedFromMemory doesn't match image C:\Users\Chobaa\Documents\GitHub\VertexBeat\VertexBeat\Library\PackageCache\com.unity.visualscripting@1.8.0\Editor\VisualScripting.Core\Dependencies\YamlDotNet\Unity.VisualScripting.YamlDotNet.dll
Symbol file LoadedFromMemory doesn't match image C:\Users\Chobaa\Documents\GitHub\VertexBeat\VertexBeat\Library\PackageCache\com.unity.visualscripting@1.8.0\Editor\VisualScripting.Core\Dependencies\DotNetZip\Unity.VisualScripting.IonicZip.dll
Native extension for WindowsStandalone target not found
Native extension for Android target not found
Refreshing native plugins compatible for Editor in 0.67 ms, found 3 plugins.
Preloading 0 native plugins for Editor in 0.00 ms.
Mono: successfully reloaded assembly
- Completed reload, in  0.971 seconds
Domain Reload Profiling:
	ReloadAssembly (972ms)
		BeginReloadAssembly (137ms)
			ExecutionOrderSort (0ms)
			DisableScriptedObjects (6ms)
			BackupInstance (0ms)
			ReleaseScriptingObjects (0ms)
			CreateAndSetChildDomain (27ms)
		EndReloadAssembly (736ms)
			LoadAssemblies (94ms)
			RebuildTransferFunctionScriptingTraits (0ms)
			SetupTypeCache (249ms)
			ReleaseScriptCaches (1ms)
			RebuildScriptCaches (43ms)
			SetupLoadedEditorAssemblies (311ms)
				LogAssemblyErrors (0ms)
				InitializePlatformSupportModulesInManaged (25ms)
				SetLoadedEditorAssemblies (0ms)
				RefreshPlugins (1ms)
				BeforeProcessingInitializeOnLoad (64ms)
				ProcessInitializeOnLoadAttributes (193ms)
				ProcessInitializeOnLoadMethodAttributes (19ms)
				AfterProcessingInitializeOnLoad (8ms)
				EditorAssembliesLoaded (0ms)
			ExecutionOrderSort2 (0ms)
			AwakeInstancesAfterBackupRestoration (6ms)
Platform modules already initialized, skipping
Refreshing native plugins compatible for Editor in 1.65 ms, found 3 plugins.
Preloading 0 native plugins for Editor in 0.00 ms.
Unloading 3046 Unused Serialized files (Serialized files now loaded: 0)
Unloading 15 unused Assets / (24.6 KB). Loaded Objects now: 3565.
Memory consumption went from 111.8 MB to 111.7 MB.
Total: 2.679300 ms (FindLiveObjects: 0.225300 ms CreateObjectMapping: 0.088500 ms MarkObjects: 2.345500 ms  DeleteObjects: 0.018900 ms)

AssetImportParameters requested are different than current active one (requested -> active):
  custom:video-decoder-ogg-theora: a1e56fd34408186e4bbccfd4996cb3dc -> 
  custom:container-muxer-webm: aa71ff27fc2769a1b78a27578f13a17b -> 
  custom:container-demuxer-webm: 4f35f7cbe854078d1ac9338744f61a02 -> 
  custom:video-encoder-webm-vp8: eb34c28f22e8b96e1ab97ce403110664 -> 
  custom:audio-encoder-webm-vorbis: bf7c407c2cedff20999df2af8eb42d56 -> 
  custom:framework-win-MediaFoundation: 216162199b28c13a410421893ffa2e32 -> 
  custom:container-demuxer-ogg: 62fdf1f143b41e24485cea50d1cbac27 -> 
  custom:video-decoder-webm-vp8: 9c59270c3fd7afecdb556c50c9e8de78 -> 
  custom:audio-decoder-ogg-vorbis: bf7c407c2cedff20999df2af8eb42d56 -> 
========================================================================
Received Prepare
Registering precompiled user dll's ...
Registered in 0.006622 seconds.
Begin MonoManager ReloadAssembly
Symbol file LoadedFromMemory doesn't match image C:\Users\Chobaa\Documents\GitHub\VertexBeat\VertexBeat\Library\PackageCache\com.unity.visualscripting@1.8.0\Editor\VisualScripting.Core\Dependencies\YamlDotNet\Unity.VisualScripting.YamlDotNet.dll
Symbol file LoadedFromMemory doesn't match image C:\Users\Chobaa\Documents\GitHub\VertexBeat\VertexBeat\Library\PackageCache\com.unity.visualscripting@1.8.0\Editor\VisualScripting.Core\Dependencies\DotNetZip\Unity.VisualScripting.IonicZip.dll
Native extension for WindowsStandalone target not found
Native extension for Android target not found
Refreshing native plugins compatible for Editor in 0.57 ms, found 3 plugins.
Preloading 0 native plugins for Editor in 0.00 ms.
Mono: successfully reloaded assembly
- Completed reload, in  0.987 seconds
Domain Reload Profiling:
	ReloadAssembly (988ms)
		BeginReloadAssembly (135ms)
			ExecutionOrderSort (0ms)
			DisableScriptedObjects (6ms)
			BackupInstance (0ms)
			ReleaseScriptingObjects (0ms)
			CreateAndSetChildDomain (28ms)
		EndReloadAssembly (751ms)
			LoadAssemblies (91ms)
			RebuildTransferFunctionScriptingTraits (0ms)
			SetupTypeCache (260ms)
			ReleaseScriptCaches (1ms)
			RebuildScriptCaches (44ms)
			SetupLoadedEditorAssemblies (314ms)
				LogAssemblyErrors (0ms)
				InitializePlatformSupportModulesInManaged (23ms)
				SetLoadedEditorAssemblies (0ms)
				RefreshPlugins (1ms)
				BeforeProcessingInitializeOnLoad (61ms)
				ProcessInitializeOnLoadAttributes (199ms)
				ProcessInitializeOnLoadMethodAttributes (22ms)
				AfterProcessingInitializeOnLoad (8ms)
				EditorAssembliesLoaded (0ms)
			ExecutionOrderSort2 (0ms)
			AwakeInstancesAfterBackupRestoration (7ms)
Platform modules already initialized, skipping
Refreshing native plugins compatible for Editor in 1.80 ms, found 3 plugins.
Preloading 0 native plugins for Editor in 0.00 ms.
Unloading 3046 Unused Serialized files (Serialized files now loaded: 0)
Unloading 15 unused Assets / (24.6 KB). Loaded Objects now: 3568.
Memory consumption went from 111.8 MB to 111.7 MB.
Total: 2.863400 ms (FindLiveObjects: 0.257400 ms CreateObjectMapping: 0.072700 ms MarkObjects: 2.511900 ms  DeleteObjects: 0.020300 ms)

AssetImportParameters requested are different than current active one (requested -> active):
  custom:video-decoder-ogg-theora: a1e56fd34408186e4bbccfd4996cb3dc -> 
  custom:container-muxer-webm: aa71ff27fc2769a1b78a27578f13a17b -> 
  custom:container-demuxer-webm: 4f35f7cbe854078d1ac9338744f61a02 -> 
  custom:video-encoder-webm-vp8: eb34c28f22e8b96e1ab97ce403110664 -> 
  custom:audio-encoder-webm-vorbis: bf7c407c2cedff20999df2af8eb42d56 -> 
  custom:framework-win-MediaFoundation: 216162199b28c13a410421893ffa2e32 -> 
  custom:container-demuxer-ogg: 62fdf1f143b41e24485cea50d1cbac27 -> 
  custom:video-decoder-webm-vp8: 9c59270c3fd7afecdb556c50c9e8de78 -> 
  custom:audio-decoder-ogg-vorbis: bf7c407c2cedff20999df2af8eb42d56 -> 
========================================================================
Received Prepare
Registering precompiled user dll's ...
Registered in 0.005999 seconds.
Begin MonoManager ReloadAssembly
Symbol file LoadedFromMemory doesn't match image C:\Users\Chobaa\Documents\GitHub\VertexBeat\VertexBeat\Library\PackageCache\com.unity.visualscripting@1.8.0\Editor\VisualScripting.Core\Dependencies\YamlDotNet\Unity.VisualScripting.YamlDotNet.dll
Symbol file LoadedFromMemory doesn't match image C:\Users\Chobaa\Documents\GitHub\VertexBeat\VertexBeat\Library\PackageCache\com.unity.visualscripting@1.8.0\Editor\VisualScripting.Core\Dependencies\DotNetZip\Unity.VisualScripting.IonicZip.dll
Native extension for WindowsStandalone target not found
Native extension for Android target not found
Refreshing native plugins compatible for Editor in 0.77 ms, found 3 plugins.
Preloading 0 native plugins for Editor in 0.00 ms.
Mono: successfully reloaded assembly
- Completed reload, in  1.004 seconds
Domain Reload Profiling:
	ReloadAssembly (1005ms)
		BeginReloadAssembly (142ms)
			ExecutionOrderSort (0ms)
			DisableScriptedObjects (6ms)
			BackupInstance (0ms)
			ReleaseScriptingObjects (0ms)
			CreateAndSetChildDomain (29ms)
		EndReloadAssembly (759ms)
			LoadAssemblies (97ms)
			RebuildTransferFunctionScriptingTraits (0ms)
			SetupTypeCache (256ms)
			ReleaseScriptCaches (1ms)
			RebuildScriptCaches (44ms)
			SetupLoadedEditorAssemblies (321ms)
				LogAssemblyErrors (0ms)
				InitializePlatformSupportModulesInManaged (24ms)
				SetLoadedEditorAssemblies (0ms)
				RefreshPlugins (1ms)
				BeforeProcessingInitializeOnLoad (62ms)
				ProcessInitializeOnLoadAttributes (201ms)
				ProcessInitializeOnLoadMethodAttributes (24ms)
				AfterProcessingInitializeOnLoad (8ms)
				EditorAssembliesLoaded (0ms)
			ExecutionOrderSort2 (0ms)
			AwakeInstancesAfterBackupRestoration (7ms)
Platform modules already initialized, skipping
Refreshing native plugins compatible for Editor in 1.75 ms, found 3 plugins.
Preloading 0 native plugins for Editor in 0.00 ms.
Unloading 3046 Unused Serialized files (Serialized files now loaded: 0)
Unloading 15 unused Assets / (24.6 KB). Loaded Objects now: 3571.
Memory consumption went from 111.8 MB to 111.8 MB.
Total: 2.726800 ms (FindLiveObjects: 0.262300 ms CreateObjectMapping: 0.074000 ms MarkObjects: 2.371800 ms  DeleteObjects: 0.017800 ms)

AssetImportParameters requested are different than current active one (requested -> active):
  custom:video-decoder-ogg-theora: a1e56fd34408186e4bbccfd4996cb3dc -> 
  custom:container-muxer-webm: aa71ff27fc2769a1b78a27578f13a17b -> 
  custom:container-demuxer-webm: 4f35f7cbe854078d1ac9338744f61a02 -> 
  custom:video-encoder-webm-vp8: eb34c28f22e8b96e1ab97ce403110664 -> 
  custom:audio-encoder-webm-vorbis: bf7c407c2cedff20999df2af8eb42d56 -> 
  custom:framework-win-MediaFoundation: 216162199b28c13a410421893ffa2e32 -> 
  custom:container-demuxer-ogg: 62fdf1f143b41e24485cea50d1cbac27 -> 
  custom:video-decoder-webm-vp8: 9c59270c3fd7afecdb556c50c9e8de78 -> 
  custom:audio-decoder-ogg-vorbis: bf7c407c2cedff20999df2af8eb42d56 -> 
========================================================================
Received Prepare
Registering precompiled user dll's ...
Registered in 0.006696 seconds.
Begin MonoManager ReloadAssembly
Symbol file LoadedFromMemory doesn't match image C:\Users\Chobaa\Documents\GitHub\VertexBeat\VertexBeat\Library\PackageCache\com.unity.visualscripting@1.8.0\Editor\VisualScripting.Core\Dependencies\YamlDotNet\Unity.VisualScripting.YamlDotNet.dll
Symbol file LoadedFromMemory doesn't match image C:\Users\Chobaa\Documents\GitHub\VertexBeat\VertexBeat\Library\PackageCache\com.unity.visualscripting@1.8.0\Editor\VisualScripting.Core\Dependencies\DotNetZip\Unity.VisualScripting.IonicZip.dll
Native extension for WindowsStandalone target not found
Native extension for Android target not found
Refreshing native plugins compatible for Editor in 0.53 ms, found 3 plugins.
Preloading 0 native plugins for Editor in 0.00 ms.
Mono: successfully reloaded assembly
- Completed reload, in  0.928 seconds
Domain Reload Profiling:
	ReloadAssembly (928ms)
		BeginReloadAssembly (147ms)
			ExecutionOrderSort (0ms)
			DisableScriptedObjects (6ms)
			BackupInstance (0ms)
			ReleaseScriptingObjects (0ms)
			CreateAndSetChildDomain (32ms)
		EndReloadAssembly (685ms)
			LoadAssemblies (94ms)
			RebuildTransferFunctionScriptingTraits (0ms)
			SetupTypeCache (231ms)
			ReleaseScriptCaches (1ms)
			RebuildScriptCaches (39ms)
			SetupLoadedEditorAssemblies (293ms)
				LogAssemblyErrors (0ms)
				InitializePlatformSupportModulesInManaged (23ms)
				SetLoadedEditorAssemblies (0ms)
				RefreshPlugins (1ms)
				BeforeProcessingInitializeOnLoad (61ms)
				ProcessInitializeOnLoadAttributes (180ms)
				ProcessInitializeOnLoadMethodAttributes (20ms)
				AfterProcessingInitializeOnLoad (8ms)
				EditorAssembliesLoaded (0ms)
			ExecutionOrderSort2 (0ms)
			AwakeInstancesAfterBackupRestoration (6ms)
Platform modules already initialized, skipping
Refreshing native plugins compatible for Editor in 1.52 ms, found 3 plugins.
Preloading 0 native plugins for Editor in 0.00 ms.
Unloading 3046 Unused Serialized files (Serialized files now loaded: 0)
Unloading 15 unused Assets / (24.6 KB). Loaded Objects now: 3574.
Memory consumption went from 111.8 MB to 111.8 MB.
Total: 2.555800 ms (FindLiveObjects: 0.215900 ms CreateObjectMapping: 0.071300 ms MarkObjects: 2.251800 ms  DeleteObjects: 0.015800 ms)

AssetImportParameters requested are different than current active one (requested -> active):
  custom:video-decoder-ogg-theora: a1e56fd34408186e4bbccfd4996cb3dc -> 
  custom:container-muxer-webm: aa71ff27fc2769a1b78a27578f13a17b -> 
  custom:container-demuxer-webm: 4f35f7cbe854078d1ac9338744f61a02 -> 
  custom:video-encoder-webm-vp8: eb34c28f22e8b96e1ab97ce403110664 -> 
  custom:audio-encoder-webm-vorbis: bf7c407c2cedff20999df2af8eb42d56 -> 
  custom:framework-win-MediaFoundation: 216162199b28c13a410421893ffa2e32 -> 
  custom:container-demuxer-ogg: 62fdf1f143b41e24485cea50d1cbac27 -> 
  custom:video-decoder-webm-vp8: 9c59270c3fd7afecdb556c50c9e8de78 -> 
  custom:audio-decoder-ogg-vorbis: bf7c407c2cedff20999df2af8eb42d56 -> 
========================================================================
Received Prepare
Registering precompiled user dll's ...
Registered in 0.006621 seconds.
Begin MonoManager ReloadAssembly
Symbol file LoadedFromMemory doesn't match image C:\Users\Chobaa\Documents\GitHub\VertexBeat\VertexBeat\Library\PackageCache\com.unity.visualscripting@1.8.0\Editor\VisualScripting.Core\Dependencies\YamlDotNet\Unity.VisualScripting.YamlDotNet.dll
Symbol file LoadedFromMemory doesn't match image C:\Users\Chobaa\Documents\GitHub\VertexBeat\VertexBeat\Library\PackageCache\com.unity.visualscripting@1.8.0\Editor\VisualScripting.Core\Dependencies\DotNetZip\Unity.VisualScripting.IonicZip.dll
Native extension for WindowsStandalone target not found
Native extension for Android target not found
Refreshing native plugins compatible for Editor in 0.50 ms, found 3 plugins.
Preloading 0 native plugins for Editor in 0.00 ms.
Mono: successfully reloaded assembly
- Completed reload, in  0.919 seconds
Domain Reload Profiling:
	ReloadAssembly (920ms)
		BeginReloadAssembly (140ms)
			ExecutionOrderSort (0ms)
			DisableScriptedObjects (6ms)
			BackupInstance (0ms)
			ReleaseScriptingObjects (0ms)
			CreateAndSetChildDomain (29ms)
		EndReloadAssembly (685ms)
			LoadAssemblies (89ms)
			RebuildTransferFunctionScriptingTraits (0ms)
			SetupTypeCache (234ms)
			ReleaseScriptCaches (1ms)
			RebuildScriptCaches (39ms)
			SetupLoadedEditorAssemblies (289ms)
				LogAssemblyErrors (0ms)
				InitializePlatformSupportModulesInManaged (21ms)
				SetLoadedEditorAssemblies (0ms)
				RefreshPlugins (1ms)
				BeforeProcessingInitializeOnLoad (61ms)
				ProcessInitializeOnLoadAttributes (179ms)
				ProcessInitializeOnLoadMethodAttributes (19ms)
				AfterProcessingInitializeOnLoad (7ms)
				EditorAssembliesLoaded (0ms)
			ExecutionOrderSort2 (0ms)
			AwakeInstancesAfterBackupRestoration (6ms)
Platform modules already initialized, skipping
Refreshing native plugins compatible for Editor in 1.62 ms, found 3 plugins.
Preloading 0 native plugins for Editor in 0.00 ms.
Unloading 3046 Unused Serialized files (Serialized files now loaded: 0)
Unloading 15 unused Assets / (24.6 KB). Loaded Objects now: 3577.
Memory consumption went from 111.8 MB to 111.8 MB.
Total: 3.007600 ms (FindLiveObjects: 0.202400 ms CreateObjectMapping: 0.067600 ms MarkObjects: 2.722400 ms  DeleteObjects: 0.014500 ms)

AssetImportParameters requested are different than current active one (requested -> active):
  custom:video-decoder-ogg-theora: a1e56fd34408186e4bbccfd4996cb3dc -> 
  custom:container-muxer-webm: aa71ff27fc2769a1b78a27578f13a17b -> 
  custom:container-demuxer-webm: 4f35f7cbe854078d1ac9338744f61a02 -> 
  custom:video-encoder-webm-vp8: eb34c28f22e8b96e1ab97ce403110664 -> 
  custom:audio-encoder-webm-vorbis: bf7c407c2cedff20999df2af8eb42d56 -> 
  custom:framework-win-MediaFoundation: 216162199b28c13a410421893ffa2e32 -> 
  custom:container-demuxer-ogg: 62fdf1f143b41e24485cea50d1cbac27 -> 
  custom:video-decoder-webm-vp8: 9c59270c3fd7afecdb556c50c9e8de78 -> 
  custom:audio-decoder-ogg-vorbis: bf7c407c2cedff20999df2af8eb42d56 -> 
========================================================================
Received Prepare
Registering precompiled user dll's ...
Registered in 0.006385 seconds.
Begin MonoManager ReloadAssembly
Symbol file LoadedFromMemory doesn't match image C:\Users\Chobaa\Documents\GitHub\VertexBeat\VertexBeat\Library\PackageCache\com.unity.visualscripting@1.8.0\Editor\VisualScripting.Core\Dependencies\YamlDotNet\Unity.VisualScripting.YamlDotNet.dll
Symbol file LoadedFromMemory doesn't match image C:\Users\Chobaa\Documents\GitHub\VertexBeat\VertexBeat\Library\PackageCache\com.unity.visualscripting@1.8.0\Editor\VisualScripting.Core\Dependencies\DotNetZip\Unity.VisualScripting.IonicZip.dll
Native extension for WindowsStandalone target not found
Native extension for Android target not found
Refreshing native plugins compatible for Editor in 0.62 ms, found 3 plugins.
Preloading 0 native plugins for Editor in 0.00 ms.
Mono: successfully reloaded assembly
- Completed reload, in  0.994 seconds
Domain Reload Profiling:
	ReloadAssembly (995ms)
		BeginReloadAssembly (133ms)
			ExecutionOrderSort (0ms)
			DisableScriptedObjects (6ms)
			BackupInstance (0ms)
			ReleaseScriptingObjects (0ms)
			CreateAndSetChildDomain (27ms)
		EndReloadAssembly (765ms)
			LoadAssemblies (95ms)
			RebuildTransferFunctionScriptingTraits (0ms)
			SetupTypeCache (262ms)
			ReleaseScriptCaches (1ms)
			RebuildScriptCaches (43ms)
			SetupLoadedEditorAssemblies (320ms)
				LogAssemblyErrors (0ms)
				InitializePlatformSupportModulesInManaged (24ms)
				SetLoadedEditorAssemblies (0ms)
				RefreshPlugins (1ms)
				BeforeProcessingInitializeOnLoad (65ms)
				ProcessInitializeOnLoadAttributes (199ms)
				ProcessInitializeOnLoadMethodAttributes (22ms)
				AfterProcessingInitializeOnLoad (9ms)
				EditorAssembliesLoaded (0ms)
			ExecutionOrderSort2 (0ms)
			AwakeInstancesAfterBackupRestoration (7ms)
Platform modules already initialized, skipping
Refreshing native plugins compatible for Editor in 1.81 ms, found 3 plugins.
Preloading 0 native plugins for Editor in 0.00 ms.
Unloading 3046 Unused Serialized files (Serialized files now loaded: 0)
Unloading 15 unused Assets / (24.7 KB). Loaded Objects now: 3580.
Memory consumption went from 111.8 MB to 111.8 MB.
Total: 2.886700 ms (FindLiveObjects: 0.259300 ms CreateObjectMapping: 0.078900 ms MarkObjects: 2.527800 ms  DeleteObjects: 0.019500 ms)

AssetImportParameters requested are different than current active one (requested -> active):
  custom:video-decoder-ogg-theora: a1e56fd34408186e4bbccfd4996cb3dc -> 
  custom:container-muxer-webm: aa71ff27fc2769a1b78a27578f13a17b -> 
  custom:container-demuxer-webm: 4f35f7cbe854078d1ac9338744f61a02 -> 
  custom:video-encoder-webm-vp8: eb34c28f22e8b96e1ab97ce403110664 -> 
  custom:audio-encoder-webm-vorbis: bf7c407c2cedff20999df2af8eb42d56 -> 
  custom:framework-win-MediaFoundation: 216162199b28c13a410421893ffa2e32 -> 
  custom:container-demuxer-ogg: 62fdf1f143b41e24485cea50d1cbac27 -> 
  custom:video-decoder-webm-vp8: 9c59270c3fd7afecdb556c50c9e8de78 -> 
  custom:audio-decoder-ogg-vorbis: bf7c407c2cedff20999df2af8eb42d56 -> 
========================================================================
Received Prepare
Registering precompiled user dll's ...
Registered in 0.006083 seconds.
Begin MonoManager ReloadAssembly
Symbol file LoadedFromMemory doesn't match image C:\Users\Chobaa\Documents\GitHub\VertexBeat\VertexBeat\Library\PackageCache\com.unity.visualscripting@1.8.0\Editor\VisualScripting.Core\Dependencies\YamlDotNet\Unity.VisualScripting.YamlDotNet.dll
Symbol file LoadedFromMemory doesn't match image C:\Users\Chobaa\Documents\GitHub\VertexBeat\VertexBeat\Library\PackageCache\com.unity.visualscripting@1.8.0\Editor\VisualScripting.Core\Dependencies\DotNetZip\Unity.VisualScripting.IonicZip.dll
Native extension for WindowsStandalone target not found
Native extension for Android target not found
Refreshing native plugins compatible for Editor in 0.52 ms, found 3 plugins.
Preloading 0 native plugins for Editor in 0.00 ms.
Mono: successfully reloaded assembly
- Completed reload, in  0.984 seconds
Domain Reload Profiling:
	ReloadAssembly (984ms)
		BeginReloadAssembly (145ms)
			ExecutionOrderSort (0ms)
			DisableScriptedObjects (6ms)
			BackupInstance (0ms)
			ReleaseScriptingObjects (0ms)
			CreateAndSetChildDomain (31ms)
		EndReloadAssembly (745ms)
			LoadAssemblies (93ms)
			RebuildTransferFunctionScriptingTraits (0ms)
			SetupTypeCache (252ms)
			ReleaseScriptCaches (1ms)
			RebuildScriptCaches (45ms)
			SetupLoadedEditorAssemblies (317ms)
				LogAssemblyErrors (0ms)
				InitializePlatformSupportModulesInManaged (25ms)
				SetLoadedEditorAssemblies (0ms)
				RefreshPlugins (1ms)
				BeforeProcessingInitializeOnLoad (64ms)
				ProcessInitializeOnLoadAttributes (199ms)
				ProcessInitializeOnLoadMethodAttributes (20ms)
				AfterProcessingInitializeOnLoad (8ms)
				EditorAssembliesLoaded (0ms)
			ExecutionOrderSort2 (0ms)
			AwakeInstancesAfterBackupRestoration (6ms)
Platform modules already initialized, skipping
Refreshing native plugins compatible for Editor in 1.58 ms, found 3 plugins.
Preloading 0 native plugins for Editor in 0.00 ms.
Unloading 3046 Unused Serialized files (Serialized files now loaded: 0)
Unloading 15 unused Assets / (24.7 KB). Loaded Objects now: 3583.
Memory consumption went from 111.8 MB to 111.8 MB.
Total: 2.787400 ms (FindLiveObjects: 0.213800 ms CreateObjectMapping: 0.074500 ms MarkObjects: 2.485000 ms  DeleteObjects: 0.013300 ms)

AssetImportParameters requested are different than current active one (requested -> active):
  custom:video-decoder-ogg-theora: a1e56fd34408186e4bbccfd4996cb3dc -> 
  custom:container-muxer-webm: aa71ff27fc2769a1b78a27578f13a17b -> 
  custom:container-demuxer-webm: 4f35f7cbe854078d1ac9338744f61a02 -> 
  custom:video-encoder-webm-vp8: eb34c28f22e8b96e1ab97ce403110664 -> 
  custom:audio-encoder-webm-vorbis: bf7c407c2cedff20999df2af8eb42d56 -> 
  custom:framework-win-MediaFoundation: 216162199b28c13a410421893ffa2e32 -> 
  custom:container-demuxer-ogg: 62fdf1f143b41e24485cea50d1cbac27 -> 
  custom:video-decoder-webm-vp8: 9c59270c3fd7afecdb556c50c9e8de78 -> 
  custom:audio-decoder-ogg-vorbis: bf7c407c2cedff20999df2af8eb42d56 -> 
========================================================================
Received Prepare
Registering precompiled user dll's ...
Registered in 0.006675 seconds.
Begin MonoManager ReloadAssembly
Symbol file LoadedFromMemory doesn't match image C:\Users\Chobaa\Documents\GitHub\VertexBeat\VertexBeat\Library\PackageCache\com.unity.visualscripting@1.8.0\Editor\VisualScripting.Core\Dependencies\YamlDotNet\Unity.VisualScripting.YamlDotNet.dll
Symbol file LoadedFromMemory doesn't match image C:\Users\Chobaa\Documents\GitHub\VertexBeat\VertexBeat\Library\PackageCache\com.unity.visualscripting@1.8.0\Editor\VisualScripting.Core\Dependencies\DotNetZip\Unity.VisualScripting.IonicZip.dll
Native extension for WindowsStandalone target not found
Native extension for Android target not found
Refreshing native plugins compatible for Editor in 0.63 ms, found 3 plugins.
Preloading 0 native plugins for Editor in 0.00 ms.
Mono: successfully reloaded assembly
- Completed reload, in  1.060 seconds
Domain Reload Profiling:
	ReloadAssembly (1061ms)
		BeginReloadAssembly (139ms)
			ExecutionOrderSort (0ms)
			DisableScriptedObjects (6ms)
			BackupInstance (0ms)
			ReleaseScriptingObjects (0ms)
			CreateAndSetChildDomain (28ms)
		EndReloadAssembly (811ms)
			LoadAssemblies (99ms)
			RebuildTransferFunctionScriptingTraits (0ms)
			SetupTypeCache (280ms)
			ReleaseScriptCaches (1ms)
			RebuildScriptCaches (48ms)
			SetupLoadedEditorAssemblies (335ms)
				LogAssemblyErrors (0ms)
				InitializePlatformSupportModulesInManaged (26ms)
				SetLoadedEditorAssemblies (0ms)
				RefreshPlugins (1ms)
				BeforeProcessingInitializeOnLoad (71ms)
				ProcessInitializeOnLoadAttributes (206ms)
				ProcessInitializeOnLoadMethodAttributes (22ms)
				AfterProcessingInitializeOnLoad (8ms)
				EditorAssembliesLoaded (0ms)
			ExecutionOrderSort2 (0ms)
			AwakeInstancesAfterBackupRestoration (7ms)
Platform modules already initialized, skipping
Refreshing native plugins compatible for Editor in 1.53 ms, found 3 plugins.
Preloading 0 native plugins for Editor in 0.00 ms.
Unloading 3046 Unused Serialized files (Serialized files now loaded: 0)
Unloading 15 unused Assets / (24.7 KB). Loaded Objects now: 3586.
Memory consumption went from 111.8 MB to 111.8 MB.
Total: 2.580300 ms (FindLiveObjects: 0.225600 ms CreateObjectMapping: 0.085400 ms MarkObjects: 2.253700 ms  DeleteObjects: 0.014600 ms)

AssetImportParameters requested are different than current active one (requested -> active):
  custom:video-decoder-ogg-theora: a1e56fd34408186e4bbccfd4996cb3dc -> 
  custom:container-muxer-webm: aa71ff27fc2769a1b78a27578f13a17b -> 
  custom:container-demuxer-webm: 4f35f7cbe854078d1ac9338744f61a02 -> 
  custom:video-encoder-webm-vp8: eb34c28f22e8b96e1ab97ce403110664 -> 
  custom:audio-encoder-webm-vorbis: bf7c407c2cedff20999df2af8eb42d56 -> 
  custom:framework-win-MediaFoundation: 216162199b28c13a410421893ffa2e32 -> 
  custom:container-demuxer-ogg: 62fdf1f143b41e24485cea50d1cbac27 -> 
  custom:video-decoder-webm-vp8: 9c59270c3fd7afecdb556c50c9e8de78 -> 
  custom:audio-decoder-ogg-vorbis: bf7c407c2cedff20999df2af8eb42d56 -> 
========================================================================
Received Prepare
Registering precompiled user dll's ...
Registered in 0.006707 seconds.
Begin MonoManager ReloadAssembly
Symbol file LoadedFromMemory doesn't match image C:\Users\Chobaa\Documents\GitHub\VertexBeat\VertexBeat\Library\PackageCache\com.unity.visualscripting@1.8.0\Editor\VisualScripting.Core\Dependencies\YamlDotNet\Unity.VisualScripting.YamlDotNet.dll
Symbol file LoadedFromMemory doesn't match image C:\Users\Chobaa\Documents\GitHub\VertexBeat\VertexBeat\Library\PackageCache\com.unity.visualscripting@1.8.0\Editor\VisualScripting.Core\Dependencies\DotNetZip\Unity.VisualScripting.IonicZip.dll
Native extension for WindowsStandalone target not found
Native extension for Android target not found
Refreshing native plugins compatible for Editor in 0.53 ms, found 3 plugins.
Preloading 0 native plugins for Editor in 0.00 ms.
Mono: successfully reloaded assembly
- Completed reload, in  1.013 seconds
Domain Reload Profiling:
	ReloadAssembly (1013ms)
		BeginReloadAssembly (120ms)
			ExecutionOrderSort (0ms)
			DisableScriptedObjects (6ms)
			BackupInstance (0ms)
			ReleaseScriptingObjects (0ms)
			CreateAndSetChildDomain (27ms)
		EndReloadAssembly (794ms)
			LoadAssemblies (78ms)
			RebuildTransferFunctionScriptingTraits (0ms)
			SetupTypeCache (279ms)
			ReleaseScriptCaches (1ms)
			RebuildScriptCaches (47ms)
			SetupLoadedEditorAssemblies (327ms)
				LogAssemblyErrors (0ms)
				InitializePlatformSupportModulesInManaged (23ms)
				SetLoadedEditorAssemblies (0ms)
				RefreshPlugins (1ms)
				BeforeProcessingInitializeOnLoad (68ms)
				ProcessInitializeOnLoadAttributes (205ms)
				ProcessInitializeOnLoadMethodAttributes (22ms)
				AfterProcessingInitializeOnLoad (7ms)
				EditorAssembliesLoaded (0ms)
			ExecutionOrderSort2 (0ms)
			AwakeInstancesAfterBackupRestoration (6ms)
Platform modules already initialized, skipping
Refreshing native plugins compatible for Editor in 1.95 ms, found 3 plugins.
Preloading 0 native plugins for Editor in 0.00 ms.
Unloading 3046 Unused Serialized files (Serialized files now loaded: 0)
Unloading 15 unused Assets / (24.7 KB). Loaded Objects now: 3589.
Memory consumption went from 111.8 MB to 111.8 MB.
Total: 2.806100 ms (FindLiveObjects: 0.265800 ms CreateObjectMapping: 0.091600 ms MarkObjects: 2.426400 ms  DeleteObjects: 0.021300 ms)

AssetImportParameters requested are different than current active one (requested -> active):
  custom:video-decoder-ogg-theora: a1e56fd34408186e4bbccfd4996cb3dc -> 
  custom:container-muxer-webm: aa71ff27fc2769a1b78a27578f13a17b -> 
  custom:container-demuxer-webm: 4f35f7cbe854078d1ac9338744f61a02 -> 
  custom:video-encoder-webm-vp8: eb34c28f22e8b96e1ab97ce403110664 -> 
  custom:audio-encoder-webm-vorbis: bf7c407c2cedff20999df2af8eb42d56 -> 
  custom:framework-win-MediaFoundation: 216162199b28c13a410421893ffa2e32 -> 
  custom:container-demuxer-ogg: 62fdf1f143b41e24485cea50d1cbac27 -> 
  custom:video-decoder-webm-vp8: 9c59270c3fd7afecdb556c50c9e8de78 -> 
  custom:audio-decoder-ogg-vorbis: bf7c407c2cedff20999df2af8eb42d56 -> 
========================================================================
Received Prepare
Registering precompiled user dll's ...
Registered in 0.006764 seconds.
Begin MonoManager ReloadAssembly
Symbol file LoadedFromMemory doesn't match image C:\Users\Chobaa\Documents\GitHub\VertexBeat\VertexBeat\Library\PackageCache\com.unity.visualscripting@1.8.0\Editor\VisualScripting.Core\Dependencies\YamlDotNet\Unity.VisualScripting.YamlDotNet.dll
Symbol file LoadedFromMemory doesn't match image C:\Users\Chobaa\Documents\GitHub\VertexBeat\VertexBeat\Library\PackageCache\com.unity.visualscripting@1.8.0\Editor\VisualScripting.Core\Dependencies\DotNetZip\Unity.VisualScripting.IonicZip.dll
Native extension for WindowsStandalone target not found
Native extension for Android target not found
Refreshing native plugins compatible for Editor in 0.52 ms, found 3 plugins.
Preloading 0 native plugins for Editor in 0.00 ms.
Mono: successfully reloaded assembly
- Completed reload, in  0.923 seconds
Domain Reload Profiling:
	ReloadAssembly (924ms)
		BeginReloadAssembly (140ms)
			ExecutionOrderSort (0ms)
			DisableScriptedObjects (6ms)
			BackupInstance (0ms)
			ReleaseScriptingObjects (0ms)
			CreateAndSetChildDomain (28ms)
		EndReloadAssembly (687ms)
			LoadAssemblies (95ms)
			RebuildTransferFunctionScriptingTraits (0ms)
			SetupTypeCache (234ms)
			ReleaseScriptCaches (1ms)
			RebuildScriptCaches (39ms)
			SetupLoadedEditorAssemblies (288ms)
				LogAssemblyErrors (0ms)
				InitializePlatformSupportModulesInManaged (21ms)
				SetLoadedEditorAssemblies (0ms)
				RefreshPlugins (1ms)
				BeforeProcessingInitializeOnLoad (60ms)
				ProcessInitializeOnLoadAttributes (178ms)
				ProcessInitializeOnLoadMethodAttributes (20ms)
				AfterProcessingInitializeOnLoad (8ms)
				EditorAssembliesLoaded (0ms)
			ExecutionOrderSort2 (0ms)
			AwakeInstancesAfterBackupRestoration (6ms)
Platform modules already initialized, skipping
Refreshing native plugins compatible for Editor in 1.76 ms, found 3 plugins.
Preloading 0 native plugins for Editor in 0.00 ms.
Unloading 3046 Unused Serialized files (Serialized files now loaded: 0)
Unloading 15 unused Assets / (24.6 KB). Loaded Objects now: 3592.
Memory consumption went from 111.8 MB to 111.8 MB.
Total: 2.688600 ms (FindLiveObjects: 0.266100 ms CreateObjectMapping: 0.078200 ms MarkObjects: 2.326200 ms  DeleteObjects: 0.017300 ms)

AssetImportParameters requested are different than current active one (requested -> active):
  custom:video-decoder-ogg-theora: a1e56fd34408186e4bbccfd4996cb3dc -> 
  custom:container-muxer-webm: aa71ff27fc2769a1b78a27578f13a17b -> 
  custom:container-demuxer-webm: 4f35f7cbe854078d1ac9338744f61a02 -> 
  custom:video-encoder-webm-vp8: eb34c28f22e8b96e1ab97ce403110664 -> 
  custom:audio-encoder-webm-vorbis: bf7c407c2cedff20999df2af8eb42d56 -> 
  custom:framework-win-MediaFoundation: 216162199b28c13a410421893ffa2e32 -> 
  custom:container-demuxer-ogg: 62fdf1f143b41e24485cea50d1cbac27 -> 
  custom:video-decoder-webm-vp8: 9c59270c3fd7afecdb556c50c9e8de78 -> 
  custom:audio-decoder-ogg-vorbis: bf7c407c2cedff20999df2af8eb42d56 -> 
========================================================================
Received Prepare
Registering precompiled user dll's ...
Registered in 0.005941 seconds.
Begin MonoManager ReloadAssembly
Symbol file LoadedFromMemory doesn't match image C:\Users\Chobaa\Documents\GitHub\VertexBeat\VertexBeat\Library\PackageCache\com.unity.visualscripting@1.8.0\Editor\VisualScripting.Core\Dependencies\YamlDotNet\Unity.VisualScripting.YamlDotNet.dll
Symbol file LoadedFromMemory doesn't match image C:\Users\Chobaa\Documents\GitHub\VertexBeat\VertexBeat\Library\PackageCache\com.unity.visualscripting@1.8.0\Editor\VisualScripting.Core\Dependencies\DotNetZip\Unity.VisualScripting.IonicZip.dll
Native extension for WindowsStandalone target not found
Native extension for Android target not found
Refreshing native plugins compatible for Editor in 0.68 ms, found 3 plugins.
Preloading 0 native plugins for Editor in 0.00 ms.
Mono: successfully reloaded assembly
- Completed reload, in  0.976 seconds
Domain Reload Profiling:
	ReloadAssembly (977ms)
		BeginReloadAssembly (118ms)
			ExecutionOrderSort (0ms)
			DisableScriptedObjects (6ms)
			BackupInstance (0ms)
			ReleaseScriptingObjects (0ms)
			CreateAndSetChildDomain (27ms)
		EndReloadAssembly (762ms)
			LoadAssemblies (79ms)
			RebuildTransferFunctionScriptingTraits (0ms)
			SetupTypeCache (259ms)
			ReleaseScriptCaches (1ms)
			RebuildScriptCaches (43ms)
			SetupLoadedEditorAssemblies (317ms)
				LogAssemblyErrors (0ms)
				InitializePlatformSupportModulesInManaged (24ms)
				SetLoadedEditorAssemblies (0ms)
				RefreshPlugins (1ms)
				BeforeProcessingInitializeOnLoad (62ms)
				ProcessInitializeOnLoadAttributes (199ms)
				ProcessInitializeOnLoadMethodAttributes (22ms)
				AfterProcessingInitializeOnLoad (8ms)
				EditorAssembliesLoaded (0ms)
			ExecutionOrderSort2 (0ms)
			AwakeInstancesAfterBackupRestoration (7ms)
Platform modules already initialized, skipping
Refreshing native plugins compatible for Editor in 1.60 ms, found 3 plugins.
Preloading 0 native plugins for Editor in 0.00 ms.
Unloading 3046 Unused Serialized files (Serialized files now loaded: 0)
Unloading 15 unused Assets / (24.6 KB). Loaded Objects now: 3595.
Memory consumption went from 111.8 MB to 111.8 MB.
Total: 2.668900 ms (FindLiveObjects: 0.220400 ms CreateObjectMapping: 0.065500 ms MarkObjects: 2.367400 ms  DeleteObjects: 0.014900 ms)

AssetImportParameters requested are different than current active one (requested -> active):
  custom:video-decoder-ogg-theora: a1e56fd34408186e4bbccfd4996cb3dc -> 
  custom:container-muxer-webm: aa71ff27fc2769a1b78a27578f13a17b -> 
  custom:container-demuxer-webm: 4f35f7cbe854078d1ac9338744f61a02 -> 
  custom:video-encoder-webm-vp8: eb34c28f22e8b96e1ab97ce403110664 -> 
  custom:audio-encoder-webm-vorbis: bf7c407c2cedff20999df2af8eb42d56 -> 
  custom:framework-win-MediaFoundation: 216162199b28c13a410421893ffa2e32 -> 
  custom:container-demuxer-ogg: 62fdf1f143b41e24485cea50d1cbac27 -> 
  custom:video-decoder-webm-vp8: 9c59270c3fd7afecdb556c50c9e8de78 -> 
  custom:audio-decoder-ogg-vorbis: bf7c407c2cedff20999df2af8eb42d56 -> 
========================================================================
Received Prepare
Registering precompiled user dll's ...
Registered in 0.006164 seconds.
Begin MonoManager ReloadAssembly
Symbol file LoadedFromMemory doesn't match image C:\Users\Chobaa\Documents\GitHub\VertexBeat\VertexBeat\Library\PackageCache\com.unity.visualscripting@1.8.0\Editor\VisualScripting.Core\Dependencies\YamlDotNet\Unity.VisualScripting.YamlDotNet.dll
Symbol file LoadedFromMemory doesn't match image C:\Users\Chobaa\Documents\GitHub\VertexBeat\VertexBeat\Library\PackageCache\com.unity.visualscripting@1.8.0\Editor\VisualScripting.Core\Dependencies\DotNetZip\Unity.VisualScripting.IonicZip.dll
Native extension for WindowsStandalone target not found
Native extension for Android target not found
Refreshing native plugins compatible for Editor in 0.75 ms, found 3 plugins.
Preloading 0 native plugins for Editor in 0.00 ms.
Mono: successfully reloaded assembly
- Completed reload, in  0.963 seconds
Domain Reload Profiling:
	ReloadAssembly (964ms)
		BeginReloadAssembly (126ms)
			ExecutionOrderSort (0ms)
			DisableScriptedObjects (6ms)
			BackupInstance (0ms)
			ReleaseScriptingObjects (0ms)
			CreateAndSetChildDomain (28ms)
		EndReloadAssembly (741ms)
			LoadAssemblies (82ms)
			RebuildTransferFunctionScriptingTraits (0ms)
			SetupTypeCache (253ms)
			ReleaseScriptCaches (1ms)
			RebuildScriptCaches (43ms)
			SetupLoadedEditorAssemblies (312ms)
				LogAssemblyErrors (0ms)
				InitializePlatformSupportModulesInManaged (23ms)
				SetLoadedEditorAssemblies (0ms)
				RefreshPlugins (1ms)
				BeforeProcessingInitializeOnLoad (63ms)
				ProcessInitializeOnLoadAttributes (194ms)
				ProcessInitializeOnLoadMethodAttributes (23ms)
				AfterProcessingInitializeOnLoad (8ms)
				EditorAssembliesLoaded (0ms)
			ExecutionOrderSort2 (0ms)
			AwakeInstancesAfterBackupRestoration (7ms)
Platform modules already initialized, skipping
Refreshing native plugins compatible for Editor in 1.65 ms, found 3 plugins.
Preloading 0 native plugins for Editor in 0.00 ms.
Unloading 3046 Unused Serialized files (Serialized files now loaded: 0)
Unloading 15 unused Assets / (24.6 KB). Loaded Objects now: 3598.
Memory consumption went from 111.9 MB to 111.8 MB.
Total: 2.803800 ms (FindLiveObjects: 0.264300 ms CreateObjectMapping: 0.072000 ms MarkObjects: 2.451000 ms  DeleteObjects: 0.015400 ms)

AssetImportParameters requested are different than current active one (requested -> active):
  custom:video-decoder-ogg-theora: a1e56fd34408186e4bbccfd4996cb3dc -> 
  custom:container-muxer-webm: aa71ff27fc2769a1b78a27578f13a17b -> 
  custom:container-demuxer-webm: 4f35f7cbe854078d1ac9338744f61a02 -> 
  custom:video-encoder-webm-vp8: eb34c28f22e8b96e1ab97ce403110664 -> 
  custom:audio-encoder-webm-vorbis: bf7c407c2cedff20999df2af8eb42d56 -> 
  custom:framework-win-MediaFoundation: 216162199b28c13a410421893ffa2e32 -> 
  custom:container-demuxer-ogg: 62fdf1f143b41e24485cea50d1cbac27 -> 
  custom:video-decoder-webm-vp8: 9c59270c3fd7afecdb556c50c9e8de78 -> 
  custom:audio-decoder-ogg-vorbis: bf7c407c2cedff20999df2af8eb42d56 -> 
========================================================================
Received Prepare
Registering precompiled user dll's ...
Registered in 0.006980 seconds.
Begin MonoManager ReloadAssembly
Symbol file LoadedFromMemory doesn't match image C:\Users\Chobaa\Documents\GitHub\VertexBeat\VertexBeat\Library\PackageCache\com.unity.visualscripting@1.8.0\Editor\VisualScripting.Core\Dependencies\YamlDotNet\Unity.VisualScripting.YamlDotNet.dll
Symbol file LoadedFromMemory doesn't match image C:\Users\Chobaa\Documents\GitHub\VertexBeat\VertexBeat\Library\PackageCache\com.unity.visualscripting@1.8.0\Editor\VisualScripting.Core\Dependencies\DotNetZip\Unity.VisualScripting.IonicZip.dll
Native extension for WindowsStandalone target not found
Native extension for Android target not found
Refreshing native plugins compatible for Editor in 0.61 ms, found 3 plugins.
Preloading 0 native plugins for Editor in 0.00 ms.
Mono: successfully reloaded assembly
- Completed reload, in  1.061 seconds
Domain Reload Profiling:
	ReloadAssembly (1061ms)
		BeginReloadAssembly (137ms)
			ExecutionOrderSort (0ms)
			DisableScriptedObjects (6ms)
			BackupInstance (0ms)
			ReleaseScriptingObjects (0ms)
			CreateAndSetChildDomain (28ms)
		EndReloadAssembly (812ms)
			LoadAssemblies (95ms)
			RebuildTransferFunctionScriptingTraits (0ms)
			SetupTypeCache (282ms)
			ReleaseScriptCaches (1ms)
			RebuildScriptCaches (47ms)
			SetupLoadedEditorAssemblies (334ms)
				LogAssemblyErrors (0ms)
				InitializePlatformSupportModulesInManaged (26ms)
				SetLoadedEditorAssemblies (0ms)
				RefreshPlugins (1ms)
				BeforeProcessingInitializeOnLoad (70ms)
				ProcessInitializeOnLoadAttributes (205ms)
				ProcessInitializeOnLoadMethodAttributes (23ms)
				AfterProcessingInitializeOnLoad (9ms)
				EditorAssembliesLoaded (0ms)
			ExecutionOrderSort2 (0ms)
			AwakeInstancesAfterBackupRestoration (7ms)
Platform modules already initialized, skipping
Refreshing native plugins compatible for Editor in 1.77 ms, found 3 plugins.
Preloading 0 native plugins for Editor in 0.00 ms.
Unloading 3046 Unused Serialized files (Serialized files now loaded: 0)
Unloading 15 unused Assets / (24.7 KB). Loaded Objects now: 3601.
Memory consumption went from 111.9 MB to 111.8 MB.
Total: 2.720500 ms (FindLiveObjects: 0.267300 ms CreateObjectMapping: 0.073800 ms MarkObjects: 2.352600 ms  DeleteObjects: 0.025800 ms)

AssetImportParameters requested are different than current active one (requested -> active):
  custom:video-decoder-ogg-theora: a1e56fd34408186e4bbccfd4996cb3dc -> 
  custom:container-muxer-webm: aa71ff27fc2769a1b78a27578f13a17b -> 
  custom:container-demuxer-webm: 4f35f7cbe854078d1ac9338744f61a02 -> 
  custom:video-encoder-webm-vp8: eb34c28f22e8b96e1ab97ce403110664 -> 
  custom:audio-encoder-webm-vorbis: bf7c407c2cedff20999df2af8eb42d56 -> 
  custom:framework-win-MediaFoundation: 216162199b28c13a410421893ffa2e32 -> 
  custom:container-demuxer-ogg: 62fdf1f143b41e24485cea50d1cbac27 -> 
  custom:video-decoder-webm-vp8: 9c59270c3fd7afecdb556c50c9e8de78 -> 
  custom:audio-decoder-ogg-vorbis: bf7c407c2cedff20999df2af8eb42d56 -> 
========================================================================
Received Prepare
Registering precompiled user dll's ...
Registered in 0.005862 seconds.
Begin MonoManager ReloadAssembly
Symbol file LoadedFromMemory doesn't match image C:\Users\Chobaa\Documents\GitHub\VertexBeat\VertexBeat\Library\PackageCache\com.unity.visualscripting@1.8.0\Editor\VisualScripting.Core\Dependencies\YamlDotNet\Unity.VisualScripting.YamlDotNet.dll
Symbol file LoadedFromMemory doesn't match image C:\Users\Chobaa\Documents\GitHub\VertexBeat\VertexBeat\Library\PackageCache\com.unity.visualscripting@1.8.0\Editor\VisualScripting.Core\Dependencies\DotNetZip\Unity.VisualScripting.IonicZip.dll
Native extension for WindowsStandalone target not found
Native extension for Android target not found
Refreshing native plugins compatible for Editor in 0.69 ms, found 3 plugins.
Preloading 0 native plugins for Editor in 0.00 ms.
Mono: successfully reloaded assembly
- Completed reload, in  0.904 seconds
Domain Reload Profiling:
	ReloadAssembly (904ms)
		BeginReloadAssembly (120ms)
			ExecutionOrderSort (0ms)
			DisableScriptedObjects (6ms)
			BackupInstance (0ms)
			ReleaseScriptingObjects (0ms)
			CreateAndSetChildDomain (28ms)
		EndReloadAssembly (688ms)
			LoadAssemblies (72ms)
			RebuildTransferFunctionScriptingTraits (0ms)
			SetupTypeCache (235ms)
			ReleaseScriptCaches (1ms)
			RebuildScriptCaches (40ms)
			SetupLoadedEditorAssemblies (293ms)
				LogAssemblyErrors (0ms)
				InitializePlatformSupportModulesInManaged (22ms)
				SetLoadedEditorAssemblies (0ms)
				RefreshPlugins (1ms)
				BeforeProcessingInitializeOnLoad (61ms)
				ProcessInitializeOnLoadAttributes (182ms)
				ProcessInitializeOnLoadMethodAttributes (19ms)
				AfterProcessingInitializeOnLoad (7ms)
				EditorAssembliesLoaded (0ms)
			ExecutionOrderSort2 (0ms)
			AwakeInstancesAfterBackupRestoration (6ms)
Platform modules already initialized, skipping
Refreshing native plugins compatible for Editor in 1.55 ms, found 3 plugins.
Preloading 0 native plugins for Editor in 0.00 ms.
Unloading 3046 Unused Serialized files (Serialized files now loaded: 0)
Unloading 15 unused Assets / (24.6 KB). Loaded Objects now: 3604.
Memory consumption went from 111.9 MB to 111.8 MB.
Total: 2.668200 ms (FindLiveObjects: 0.233300 ms CreateObjectMapping: 0.091000 ms MarkObjects: 2.326900 ms  DeleteObjects: 0.016100 ms)

AssetImportParameters requested are different than current active one (requested -> active):
  custom:video-decoder-ogg-theora: a1e56fd34408186e4bbccfd4996cb3dc -> 
  custom:container-muxer-webm: aa71ff27fc2769a1b78a27578f13a17b -> 
  custom:container-demuxer-webm: 4f35f7cbe854078d1ac9338744f61a02 -> 
  custom:video-encoder-webm-vp8: eb34c28f22e8b96e1ab97ce403110664 -> 
  custom:audio-encoder-webm-vorbis: bf7c407c2cedff20999df2af8eb42d56 -> 
  custom:framework-win-MediaFoundation: 216162199b28c13a410421893ffa2e32 -> 
  custom:container-demuxer-ogg: 62fdf1f143b41e24485cea50d1cbac27 -> 
  custom:video-decoder-webm-vp8: 9c59270c3fd7afecdb556c50c9e8de78 -> 
  custom:audio-decoder-ogg-vorbis: bf7c407c2cedff20999df2af8eb42d56 -> 
========================================================================
Received Prepare
Registering precompiled user dll's ...
Registered in 0.006378 seconds.
Begin MonoManager ReloadAssembly
Symbol file LoadedFromMemory doesn't match image C:\Users\Chobaa\Documents\GitHub\VertexBeat\VertexBeat\Library\PackageCache\com.unity.visualscripting@1.8.0\Editor\VisualScripting.Core\Dependencies\YamlDotNet\Unity.VisualScripting.YamlDotNet.dll
Symbol file LoadedFromMemory doesn't match image C:\Users\Chobaa\Documents\GitHub\VertexBeat\VertexBeat\Library\PackageCache\com.unity.visualscripting@1.8.0\Editor\VisualScripting.Core\Dependencies\DotNetZip\Unity.VisualScripting.IonicZip.dll
Native extension for WindowsStandalone target not found
Native extension for Android target not found
Refreshing native plugins compatible for Editor in 0.59 ms, found 3 plugins.
Preloading 0 native plugins for Editor in 0.00 ms.
Mono: successfully reloaded assembly
- Completed reload, in  1.039 seconds
Domain Reload Profiling:
	ReloadAssembly (1040ms)
		BeginReloadAssembly (139ms)
			ExecutionOrderSort (0ms)
			DisableScriptedObjects (6ms)
			BackupInstance (0ms)
			ReleaseScriptingObjects (0ms)
			CreateAndSetChildDomain (27ms)
		EndReloadAssembly (797ms)
			LoadAssemblies (97ms)
			RebuildTransferFunctionScriptingTraits (0ms)
			SetupTypeCache (276ms)
			ReleaseScriptCaches (1ms)
			RebuildScriptCaches (46ms)
			SetupLoadedEditorAssemblies (331ms)
				LogAssemblyErrors (0ms)
				InitializePlatformSupportModulesInManaged (24ms)
				SetLoadedEditorAssemblies (0ms)
				RefreshPlugins (1ms)
				BeforeProcessingInitializeOnLoad (67ms)
				ProcessInitializeOnLoadAttributes (207ms)
				ProcessInitializeOnLoadMethodAttributes (23ms)
				AfterProcessingInitializeOnLoad (9ms)
				EditorAssembliesLoaded (0ms)
			ExecutionOrderSort2 (0ms)
			AwakeInstancesAfterBackupRestoration (7ms)
Platform modules already initialized, skipping
Refreshing native plugins compatible for Editor in 1.77 ms, found 3 plugins.
Preloading 0 native plugins for Editor in 0.00 ms.
Unloading 3046 Unused Serialized files (Serialized files now loaded: 0)
Unloading 15 unused Assets / (24.6 KB). Loaded Objects now: 3607.
Memory consumption went from 111.9 MB to 111.8 MB.
Total: 2.832800 ms (FindLiveObjects: 0.260500 ms CreateObjectMapping: 0.073000 ms MarkObjects: 2.480300 ms  DeleteObjects: 0.017800 ms)

AssetImportParameters requested are different than current active one (requested -> active):
  custom:video-decoder-ogg-theora: a1e56fd34408186e4bbccfd4996cb3dc -> 
  custom:container-muxer-webm: aa71ff27fc2769a1b78a27578f13a17b -> 
  custom:container-demuxer-webm: 4f35f7cbe854078d1ac9338744f61a02 -> 
  custom:video-encoder-webm-vp8: eb34c28f22e8b96e1ab97ce403110664 -> 
  custom:audio-encoder-webm-vorbis: bf7c407c2cedff20999df2af8eb42d56 -> 
  custom:framework-win-MediaFoundation: 216162199b28c13a410421893ffa2e32 -> 
  custom:container-demuxer-ogg: 62fdf1f143b41e24485cea50d1cbac27 -> 
  custom:video-decoder-webm-vp8: 9c59270c3fd7afecdb556c50c9e8de78 -> 
  custom:audio-decoder-ogg-vorbis: bf7c407c2cedff20999df2af8eb42d56 -> 
========================================================================
Received Prepare
Registering precompiled user dll's ...
Registered in 0.006732 seconds.
Begin MonoManager ReloadAssembly
Symbol file LoadedFromMemory doesn't match image C:\Users\Chobaa\Documents\GitHub\VertexBeat\VertexBeat\Library\PackageCache\com.unity.visualscripting@1.8.0\Editor\VisualScripting.Core\Dependencies\YamlDotNet\Unity.VisualScripting.YamlDotNet.dll
Symbol file LoadedFromMemory doesn't match image C:\Users\Chobaa\Documents\GitHub\VertexBeat\VertexBeat\Library\PackageCache\com.unity.visualscripting@1.8.0\Editor\VisualScripting.Core\Dependencies\DotNetZip\Unity.VisualScripting.IonicZip.dll
Native extension for WindowsStandalone target not found
Native extension for Android target not found
Refreshing native plugins compatible for Editor in 0.52 ms, found 3 plugins.
Preloading 0 native plugins for Editor in 0.00 ms.
Mono: successfully reloaded assembly
- Completed reload, in  0.916 seconds
Domain Reload Profiling:
	ReloadAssembly (917ms)
		BeginReloadAssembly (123ms)
			ExecutionOrderSort (0ms)
			DisableScriptedObjects (6ms)
			BackupInstance (0ms)
			ReleaseScriptingObjects (0ms)
			CreateAndSetChildDomain (28ms)
		EndReloadAssembly (698ms)
			LoadAssemblies (72ms)
			RebuildTransferFunctionScriptingTraits (0ms)
			SetupTypeCache (236ms)
			ReleaseScriptCaches (1ms)
			RebuildScriptCaches (42ms)
			SetupLoadedEditorAssemblies (296ms)
				LogAssemblyErrors (0ms)
				InitializePlatformSupportModulesInManaged (22ms)
				SetLoadedEditorAssemblies (0ms)
				RefreshPlugins (1ms)
				BeforeProcessingInitializeOnLoad (59ms)
				ProcessInitializeOnLoadAttributes (186ms)
				ProcessInitializeOnLoadMethodAttributes (20ms)
				AfterProcessingInitializeOnLoad (7ms)
				EditorAssembliesLoaded (0ms)
			ExecutionOrderSort2 (0ms)
			AwakeInstancesAfterBackupRestoration (6ms)
Platform modules already initialized, skipping
Refreshing native plugins compatible for Editor in 1.55 ms, found 3 plugins.
Preloading 0 native plugins for Editor in 0.00 ms.
Unloading 3046 Unused Serialized files (Serialized files now loaded: 0)
Unloading 15 unused Assets / (24.7 KB). Loaded Objects now: 3610.
Memory consumption went from 111.9 MB to 111.9 MB.
Total: 2.981700 ms (FindLiveObjects: 0.259500 ms CreateObjectMapping: 0.079200 ms MarkObjects: 2.584000 ms  DeleteObjects: 0.058000 ms)

AssetImportParameters requested are different than current active one (requested -> active):
  custom:video-decoder-ogg-theora: a1e56fd34408186e4bbccfd4996cb3dc -> 
  custom:container-muxer-webm: aa71ff27fc2769a1b78a27578f13a17b -> 
  custom:container-demuxer-webm: 4f35f7cbe854078d1ac9338744f61a02 -> 
  custom:video-encoder-webm-vp8: eb34c28f22e8b96e1ab97ce403110664 -> 
  custom:audio-encoder-webm-vorbis: bf7c407c2cedff20999df2af8eb42d56 -> 
  custom:framework-win-MediaFoundation: 216162199b28c13a410421893ffa2e32 -> 
  custom:container-demuxer-ogg: 62fdf1f143b41e24485cea50d1cbac27 -> 
  custom:video-decoder-webm-vp8: 9c59270c3fd7afecdb556c50c9e8de78 -> 
  custom:audio-decoder-ogg-vorbis: bf7c407c2cedff20999df2af8eb42d56 -> 
========================================================================
Received Prepare
Registering precompiled user dll's ...
Registered in 0.006813 seconds.
Begin MonoManager ReloadAssembly
Symbol file LoadedFromMemory doesn't match image C:\Users\Chobaa\Documents\GitHub\VertexBeat\VertexBeat\Library\PackageCache\com.unity.visualscripting@1.8.0\Editor\VisualScripting.Core\Dependencies\YamlDotNet\Unity.VisualScripting.YamlDotNet.dll
Symbol file LoadedFromMemory doesn't match image C:\Users\Chobaa\Documents\GitHub\VertexBeat\VertexBeat\Library\PackageCache\com.unity.visualscripting@1.8.0\Editor\VisualScripting.Core\Dependencies\DotNetZip\Unity.VisualScripting.IonicZip.dll
Native extension for WindowsStandalone target not found
Native extension for Android target not found
Refreshing native plugins compatible for Editor in 0.72 ms, found 3 plugins.
Preloading 0 native plugins for Editor in 0.00 ms.
Mono: successfully reloaded assembly
- Completed reload, in  0.930 seconds
Domain Reload Profiling:
	ReloadAssembly (931ms)
		BeginReloadAssembly (139ms)
			ExecutionOrderSort (0ms)
			DisableScriptedObjects (6ms)
			BackupInstance (0ms)
			ReleaseScriptingObjects (0ms)
			CreateAndSetChildDomain (30ms)
		EndReloadAssembly (696ms)
			LoadAssemblies (90ms)
			RebuildTransferFunctionScriptingTraits (0ms)
			SetupTypeCache (239ms)
			ReleaseScriptCaches (1ms)
			RebuildScriptCaches (41ms)
			SetupLoadedEditorAssemblies (288ms)
				LogAssemblyErrors (0ms)
				InitializePlatformSupportModulesInManaged (23ms)
				SetLoadedEditorAssemblies (0ms)
				RefreshPlugins (1ms)
				BeforeProcessingInitializeOnLoad (61ms)
				ProcessInitializeOnLoadAttributes (176ms)
				ProcessInitializeOnLoadMethodAttributes (19ms)
				AfterProcessingInitializeOnLoad (8ms)
				EditorAssembliesLoaded (0ms)
			ExecutionOrderSort2 (0ms)
			AwakeInstancesAfterBackupRestoration (6ms)
Platform modules already initialized, skipping
Refreshing native plugins compatible for Editor in 1.58 ms, found 3 plugins.
Preloading 0 native plugins for Editor in 0.00 ms.
Unloading 3046 Unused Serialized files (Serialized files now loaded: 0)
Unloading 15 unused Assets / (24.6 KB). Loaded Objects now: 3613.
Memory consumption went from 111.9 MB to 111.9 MB.
Total: 2.600600 ms (FindLiveObjects: 0.224400 ms CreateObjectMapping: 0.069600 ms MarkObjects: 2.291100 ms  DeleteObjects: 0.014500 ms)

AssetImportParameters requested are different than current active one (requested -> active):
  custom:video-decoder-ogg-theora: a1e56fd34408186e4bbccfd4996cb3dc -> 
  custom:container-muxer-webm: aa71ff27fc2769a1b78a27578f13a17b -> 
  custom:container-demuxer-webm: 4f35f7cbe854078d1ac9338744f61a02 -> 
  custom:video-encoder-webm-vp8: eb34c28f22e8b96e1ab97ce403110664 -> 
  custom:audio-encoder-webm-vorbis: bf7c407c2cedff20999df2af8eb42d56 -> 
  custom:framework-win-MediaFoundation: 216162199b28c13a410421893ffa2e32 -> 
  custom:container-demuxer-ogg: 62fdf1f143b41e24485cea50d1cbac27 -> 
  custom:video-decoder-webm-vp8: 9c59270c3fd7afecdb556c50c9e8de78 -> 
  custom:audio-decoder-ogg-vorbis: bf7c407c2cedff20999df2af8eb42d56 -> 
========================================================================
Received Prepare
Registering precompiled user dll's ...
Registered in 0.006082 seconds.
Begin MonoManager ReloadAssembly
Symbol file LoadedFromMemory doesn't match image C:\Users\Chobaa\Documents\GitHub\VertexBeat\VertexBeat\Library\PackageCache\com.unity.visualscripting@1.8.0\Editor\VisualScripting.Core\Dependencies\YamlDotNet\Unity.VisualScripting.YamlDotNet.dll
Symbol file LoadedFromMemory doesn't match image C:\Users\Chobaa\Documents\GitHub\VertexBeat\VertexBeat\Library\PackageCache\com.unity.visualscripting@1.8.0\Editor\VisualScripting.Core\Dependencies\DotNetZip\Unity.VisualScripting.IonicZip.dll
Native extension for WindowsStandalone target not found
Native extension for Android target not found
Refreshing native plugins compatible for Editor in 0.59 ms, found 3 plugins.
Preloading 0 native plugins for Editor in 0.00 ms.
Mono: successfully reloaded assembly
- Completed reload, in  1.061 seconds
Domain Reload Profiling:
	ReloadAssembly (1062ms)
		BeginReloadAssembly (131ms)
			ExecutionOrderSort (0ms)
			DisableScriptedObjects (6ms)
			BackupInstance (0ms)
			ReleaseScriptingObjects (0ms)
			CreateAndSetChildDomain (29ms)
		EndReloadAssembly (831ms)
			LoadAssemblies (81ms)
			RebuildTransferFunctionScriptingTraits (0ms)
			SetupTypeCache (290ms)
			ReleaseScriptCaches (1ms)
			RebuildScriptCaches (49ms)
			SetupLoadedEditorAssemblies (348ms)
				LogAssemblyErrors (0ms)
				InitializePlatformSupportModulesInManaged (26ms)
				SetLoadedEditorAssemblies (0ms)
				RefreshPlugins (1ms)
				BeforeProcessingInitializeOnLoad (68ms)
				ProcessInitializeOnLoadAttributes (217ms)
				ProcessInitializeOnLoadMethodAttributes (26ms)
				AfterProcessingInitializeOnLoad (9ms)
				EditorAssembliesLoaded (0ms)
			ExecutionOrderSort2 (0ms)
			AwakeInstancesAfterBackupRestoration (7ms)
Platform modules already initialized, skipping
Refreshing native plugins compatible for Editor in 2.03 ms, found 3 plugins.
Preloading 0 native plugins for Editor in 0.00 ms.
Unloading 3046 Unused Serialized files (Serialized files now loaded: 0)
Unloading 15 unused Assets / (24.7 KB). Loaded Objects now: 3616.
Memory consumption went from 111.9 MB to 111.9 MB.
Total: 2.903200 ms (FindLiveObjects: 0.268900 ms CreateObjectMapping: 0.075600 ms MarkObjects: 2.539000 ms  DeleteObjects: 0.018700 ms)

AssetImportParameters requested are different than current active one (requested -> active):
  custom:video-decoder-ogg-theora: a1e56fd34408186e4bbccfd4996cb3dc -> 
  custom:container-muxer-webm: aa71ff27fc2769a1b78a27578f13a17b -> 
  custom:container-demuxer-webm: 4f35f7cbe854078d1ac9338744f61a02 -> 
  custom:video-encoder-webm-vp8: eb34c28f22e8b96e1ab97ce403110664 -> 
  custom:audio-encoder-webm-vorbis: bf7c407c2cedff20999df2af8eb42d56 -> 
  custom:framework-win-MediaFoundation: 216162199b28c13a410421893ffa2e32 -> 
  custom:container-demuxer-ogg: 62fdf1f143b41e24485cea50d1cbac27 -> 
  custom:video-decoder-webm-vp8: 9c59270c3fd7afecdb556c50c9e8de78 -> 
  custom:audio-decoder-ogg-vorbis: bf7c407c2cedff20999df2af8eb42d56 -> 
========================================================================
Received Prepare
Registering precompiled user dll's ...
Registered in 0.006047 seconds.
Begin MonoManager ReloadAssembly
Symbol file LoadedFromMemory doesn't match image C:\Users\Chobaa\Documents\GitHub\VertexBeat\VertexBeat\Library\PackageCache\com.unity.visualscripting@1.8.0\Editor\VisualScripting.Core\Dependencies\YamlDotNet\Unity.VisualScripting.YamlDotNet.dll
Symbol file LoadedFromMemory doesn't match image C:\Users\Chobaa\Documents\GitHub\VertexBeat\VertexBeat\Library\PackageCache\com.unity.visualscripting@1.8.0\Editor\VisualScripting.Core\Dependencies\DotNetZip\Unity.VisualScripting.IonicZip.dll
Native extension for WindowsStandalone target not found
Native extension for Android target not found
Refreshing native plugins compatible for Editor in 0.60 ms, found 3 plugins.
Preloading 0 native plugins for Editor in 0.00 ms.
Mono: successfully reloaded assembly
- Completed reload, in  0.947 seconds
Domain Reload Profiling:
	ReloadAssembly (948ms)
		BeginReloadAssembly (139ms)
			ExecutionOrderSort (0ms)
			DisableScriptedObjects (6ms)
			BackupInstance (0ms)
			ReleaseScriptingObjects (0ms)
			CreateAndSetChildDomain (33ms)
		EndReloadAssembly (706ms)
			LoadAssemblies (86ms)
			RebuildTransferFunctionScriptingTraits (0ms)
			SetupTypeCache (238ms)
			ReleaseScriptCaches (1ms)
			RebuildScriptCaches (40ms)
			SetupLoadedEditorAssemblies (301ms)
				LogAssemblyErrors (0ms)
				InitializePlatformSupportModulesInManaged (23ms)
				SetLoadedEditorAssemblies (0ms)
				RefreshPlugins (1ms)
				BeforeProcessingInitializeOnLoad (64ms)
				ProcessInitializeOnLoadAttributes (185ms)
				ProcessInitializeOnLoadMethodAttributes (19ms)
				AfterProcessingInitializeOnLoad (8ms)
				EditorAssembliesLoaded (0ms)
			ExecutionOrderSort2 (0ms)
			AwakeInstancesAfterBackupRestoration (7ms)
Platform modules already initialized, skipping
Refreshing native plugins compatible for Editor in 1.55 ms, found 3 plugins.
Preloading 0 native plugins for Editor in 0.00 ms.
Unloading 3046 Unused Serialized files (Serialized files now loaded: 0)
Unloading 15 unused Assets / (24.6 KB). Loaded Objects now: 3619.
Memory consumption went from 111.9 MB to 111.9 MB.
Total: 2.710800 ms (FindLiveObjects: 0.216200 ms CreateObjectMapping: 0.068500 ms MarkObjects: 2.410800 ms  DeleteObjects: 0.014700 ms)

AssetImportParameters requested are different than current active one (requested -> active):
  custom:video-decoder-ogg-theora: a1e56fd34408186e4bbccfd4996cb3dc -> 
  custom:container-muxer-webm: aa71ff27fc2769a1b78a27578f13a17b -> 
  custom:container-demuxer-webm: 4f35f7cbe854078d1ac9338744f61a02 -> 
  custom:video-encoder-webm-vp8: eb34c28f22e8b96e1ab97ce403110664 -> 
  custom:audio-encoder-webm-vorbis: bf7c407c2cedff20999df2af8eb42d56 -> 
  custom:framework-win-MediaFoundation: 216162199b28c13a410421893ffa2e32 -> 
  custom:container-demuxer-ogg: 62fdf1f143b41e24485cea50d1cbac27 -> 
  custom:video-decoder-webm-vp8: 9c59270c3fd7afecdb556c50c9e8de78 -> 
  custom:audio-decoder-ogg-vorbis: bf7c407c2cedff20999df2af8eb42d56 -> 
========================================================================
Received Prepare
Registering precompiled user dll's ...
Registered in 0.007104 seconds.
Begin MonoManager ReloadAssembly
Symbol file LoadedFromMemory doesn't match image C:\Users\Chobaa\Documents\GitHub\VertexBeat\VertexBeat\Library\PackageCache\com.unity.visualscripting@1.8.0\Editor\VisualScripting.Core\Dependencies\YamlDotNet\Unity.VisualScripting.YamlDotNet.dll
Symbol file LoadedFromMemory doesn't match image C:\Users\Chobaa\Documents\GitHub\VertexBeat\VertexBeat\Library\PackageCache\com.unity.visualscripting@1.8.0\Editor\VisualScripting.Core\Dependencies\DotNetZip\Unity.VisualScripting.IonicZip.dll
Native extension for WindowsStandalone target not found
Native extension for Android target not found
Refreshing native plugins compatible for Editor in 0.72 ms, found 3 plugins.
Preloading 0 native plugins for Editor in 0.00 ms.
Mono: successfully reloaded assembly
- Completed reload, in  1.074 seconds
Domain Reload Profiling:
	ReloadAssembly (1075ms)
		BeginReloadAssembly (141ms)
			ExecutionOrderSort (0ms)
			DisableScriptedObjects (6ms)
			BackupInstance (0ms)
			ReleaseScriptingObjects (0ms)
			CreateAndSetChildDomain (27ms)
		EndReloadAssembly (831ms)
			LoadAssemblies (94ms)
			RebuildTransferFunctionScriptingTraits (0ms)
			SetupTypeCache (283ms)
			ReleaseScriptCaches (1ms)
			RebuildScriptCaches (47ms)
			SetupLoadedEditorAssemblies (353ms)
				LogAssemblyErrors (0ms)
				InitializePlatformSupportModulesInManaged (26ms)
				SetLoadedEditorAssemblies (1ms)
				RefreshPlugins (1ms)
				BeforeProcessingInitializeOnLoad (72ms)
				ProcessInitializeOnLoadAttributes (218ms)
				ProcessInitializeOnLoadMethodAttributes (25ms)
				AfterProcessingInitializeOnLoad (10ms)
				EditorAssembliesLoaded (0ms)
			ExecutionOrderSort2 (0ms)
			AwakeInstancesAfterBackupRestoration (8ms)
Platform modules already initialized, skipping
Refreshing native plugins compatible for Editor in 1.81 ms, found 3 plugins.
Preloading 0 native plugins for Editor in 0.00 ms.
Unloading 3046 Unused Serialized files (Serialized files now loaded: 0)
Unloading 15 unused Assets / (24.7 KB). Loaded Objects now: 3622.
Memory consumption went from 111.9 MB to 111.9 MB.
Total: 3.013900 ms (FindLiveObjects: 0.316500 ms CreateObjectMapping: 0.145600 ms MarkObjects: 2.530000 ms  DeleteObjects: 0.020800 ms)

AssetImportParameters requested are different than current active one (requested -> active):
  custom:video-decoder-ogg-theora: a1e56fd34408186e4bbccfd4996cb3dc -> 
  custom:container-muxer-webm: aa71ff27fc2769a1b78a27578f13a17b -> 
  custom:container-demuxer-webm: 4f35f7cbe854078d1ac9338744f61a02 -> 
  custom:video-encoder-webm-vp8: eb34c28f22e8b96e1ab97ce403110664 -> 
  custom:audio-encoder-webm-vorbis: bf7c407c2cedff20999df2af8eb42d56 -> 
  custom:framework-win-MediaFoundation: 216162199b28c13a410421893ffa2e32 -> 
  custom:container-demuxer-ogg: 62fdf1f143b41e24485cea50d1cbac27 -> 
  custom:video-decoder-webm-vp8: 9c59270c3fd7afecdb556c50c9e8de78 -> 
  custom:audio-decoder-ogg-vorbis: bf7c407c2cedff20999df2af8eb42d56 -> 
========================================================================
Received Import Request.
  Time since last request: 1044703.853949 seconds.
  path: Assets/Script/TimingManager.cs
  artifactKey: Guid(1d42fb9691dd7c94f86a779ff836b86b) Importer(815301076,1909f56bfc062723c751e8b465ee728b)
Start importing Assets/Script/TimingManager.cs using Guid(1d42fb9691dd7c94f86a779ff836b86b) Importer(815301076,1909f56bfc062723c751e8b465ee728b)  -> (artifact id: '3a46078ac66f6699722e4a9b3221576a') in 0.034789 seconds 
========================================================================
Received Prepare
Registering precompiled user dll's ...
Registered in 0.004660 seconds.
Begin MonoManager ReloadAssembly
Symbol file LoadedFromMemory doesn't match image C:\Users\Chobaa\Documents\GitHub\VertexBeat\VertexBeat\Library\PackageCache\com.unity.visualscripting@1.8.0\Editor\VisualScripting.Core\Dependencies\YamlDotNet\Unity.VisualScripting.YamlDotNet.dll
Symbol file LoadedFromMemory doesn't match image C:\Users\Chobaa\Documents\GitHub\VertexBeat\VertexBeat\Library\PackageCache\com.unity.visualscripting@1.8.0\Editor\VisualScripting.Core\Dependencies\DotNetZip\Unity.VisualScripting.IonicZip.dll
Native extension for WindowsStandalone target not found
Native extension for Android target not found
Refreshing native plugins compatible for Editor in 0.59 ms, found 3 plugins.
Preloading 0 native plugins for Editor in 0.00 ms.
Mono: successfully reloaded assembly
- Completed reload, in  0.924 seconds
Domain Reload Profiling:
	ReloadAssembly (925ms)
		BeginReloadAssembly (138ms)
			ExecutionOrderSort (0ms)
			DisableScriptedObjects (6ms)
			BackupInstance (0ms)
			ReleaseScriptingObjects (0ms)
			CreateAndSetChildDomain (31ms)
		EndReloadAssembly (687ms)
			LoadAssemblies (85ms)
			RebuildTransferFunctionScriptingTraits (0ms)
			SetupTypeCache (237ms)
			ReleaseScriptCaches (1ms)
			RebuildScriptCaches (39ms)
			SetupLoadedEditorAssemblies (288ms)
				LogAssemblyErrors (0ms)
				InitializePlatformSupportModulesInManaged (21ms)
				SetLoadedEditorAssemblies (0ms)
				RefreshPlugins (1ms)
				BeforeProcessingInitializeOnLoad (59ms)
				ProcessInitializeOnLoadAttributes (179ms)
				ProcessInitializeOnLoadMethodAttributes (19ms)
				AfterProcessingInitializeOnLoad (8ms)
				EditorAssembliesLoaded (0ms)
			ExecutionOrderSort2 (0ms)
			AwakeInstancesAfterBackupRestoration (6ms)
Platform modules already initialized, skipping
Refreshing native plugins compatible for Editor in 1.59 ms, found 3 plugins.
Preloading 0 native plugins for Editor in 0.00 ms.
Unloading 3047 Unused Serialized files (Serialized files now loaded: 0)
Unloading 15 unused Assets / (24.7 KB). Loaded Objects now: 3626.
Memory consumption went from 112.0 MB to 111.9 MB.
Total: 2.616700 ms (FindLiveObjects: 0.227500 ms CreateObjectMapping: 0.074700 ms MarkObjects: 2.297500 ms  DeleteObjects: 0.016000 ms)

AssetImportParameters requested are different than current active one (requested -> active):
  custom:video-decoder-ogg-theora: a1e56fd34408186e4bbccfd4996cb3dc -> 
  custom:container-muxer-webm: aa71ff27fc2769a1b78a27578f13a17b -> 
  custom:container-demuxer-webm: 4f35f7cbe854078d1ac9338744f61a02 -> 
  custom:video-encoder-webm-vp8: eb34c28f22e8b96e1ab97ce403110664 -> 
  custom:audio-encoder-webm-vorbis: bf7c407c2cedff20999df2af8eb42d56 -> 
  custom:framework-win-MediaFoundation: 216162199b28c13a410421893ffa2e32 -> 
  custom:container-demuxer-ogg: 62fdf1f143b41e24485cea50d1cbac27 -> 
  custom:video-decoder-webm-vp8: 9c59270c3fd7afecdb556c50c9e8de78 -> 
  custom:audio-decoder-ogg-vorbis: bf7c407c2cedff20999df2af8eb42d56 -> 
========================================================================
Received Import Request.
  Time since last request: 851.619890 seconds.
  path: Assets/Script/TimingManager.cs
  artifactKey: Guid(1d42fb9691dd7c94f86a779ff836b86b) Importer(815301076,1909f56bfc062723c751e8b465ee728b)
Start importing Assets/Script/TimingManager.cs using Guid(1d42fb9691dd7c94f86a779ff836b86b) Importer(815301076,1909f56bfc062723c751e8b465ee728b)  -> (artifact id: 'dfd2a18c89657669d8dd04bcbb9f0020') in 0.007919 seconds 
========================================================================
Received Prepare
Registering precompiled user dll's ...
Registered in 0.004368 seconds.
Begin MonoManager ReloadAssembly
Symbol file LoadedFromMemory doesn't match image C:\Users\Chobaa\Documents\GitHub\VertexBeat\VertexBeat\Library\PackageCache\com.unity.visualscripting@1.8.0\Editor\VisualScripting.Core\Dependencies\YamlDotNet\Unity.VisualScripting.YamlDotNet.dll
Symbol file LoadedFromMemory doesn't match image C:\Users\Chobaa\Documents\GitHub\VertexBeat\VertexBeat\Library\PackageCache\com.unity.visualscripting@1.8.0\Editor\VisualScripting.Core\Dependencies\DotNetZip\Unity.VisualScripting.IonicZip.dll
Native extension for WindowsStandalone target not found
Native extension for Android target not found
Refreshing native plugins compatible for Editor in 0.51 ms, found 3 plugins.
Preloading 0 native plugins for Editor in 0.00 ms.
Mono: successfully reloaded assembly
- Completed reload, in  0.927 seconds
Domain Reload Profiling:
	ReloadAssembly (928ms)
		BeginReloadAssembly (148ms)
			ExecutionOrderSort (0ms)
			DisableScriptedObjects (6ms)
			BackupInstance (0ms)
			ReleaseScriptingObjects (0ms)
			CreateAndSetChildDomain (33ms)
		EndReloadAssembly (685ms)
			LoadAssemblies (92ms)
			RebuildTransferFunctionScriptingTraits (0ms)
			SetupTypeCache (233ms)
			ReleaseScriptCaches (1ms)
			RebuildScriptCaches (39ms)
			SetupLoadedEditorAssemblies (290ms)
				LogAssemblyErrors (0ms)
				InitializePlatformSupportModulesInManaged (22ms)
				SetLoadedEditorAssemblies (0ms)
				RefreshPlugins (1ms)
				BeforeProcessingInitializeOnLoad (60ms)
				ProcessInitializeOnLoadAttributes (178ms)
				ProcessInitializeOnLoadMethodAttributes (19ms)
				AfterProcessingInitializeOnLoad (9ms)
				EditorAssembliesLoaded (0ms)
			ExecutionOrderSort2 (0ms)
			AwakeInstancesAfterBackupRestoration (7ms)
Platform modules already initialized, skipping
Refreshing native plugins compatible for Editor in 1.57 ms, found 3 plugins.
Preloading 0 native plugins for Editor in 0.00 ms.
Unloading 3046 Unused Serialized files (Serialized files now loaded: 0)
Unloading 16 unused Assets / (24.6 KB). Loaded Objects now: 3628.
Memory consumption went from 111.9 MB to 111.9 MB.
Total: 2.842800 ms (FindLiveObjects: 0.219400 ms CreateObjectMapping: 0.071500 ms MarkObjects: 2.535100 ms  DeleteObjects: 0.015800 ms)

AssetImportParameters requested are different than current active one (requested -> active):
  custom:video-decoder-ogg-theora: a1e56fd34408186e4bbccfd4996cb3dc -> 
  custom:container-muxer-webm: aa71ff27fc2769a1b78a27578f13a17b -> 
  custom:container-demuxer-webm: 4f35f7cbe854078d1ac9338744f61a02 -> 
  custom:video-encoder-webm-vp8: eb34c28f22e8b96e1ab97ce403110664 -> 
  custom:audio-encoder-webm-vorbis: bf7c407c2cedff20999df2af8eb42d56 -> 
  custom:framework-win-MediaFoundation: 216162199b28c13a410421893ffa2e32 -> 
  custom:container-demuxer-ogg: 62fdf1f143b41e24485cea50d1cbac27 -> 
  custom:video-decoder-webm-vp8: 9c59270c3fd7afecdb556c50c9e8de78 -> 
  custom:audio-decoder-ogg-vorbis: bf7c407c2cedff20999df2af8eb42d56 -> 
========================================================================
Received Prepare
Registering precompiled user dll's ...
Registered in 0.005860 seconds.
Begin MonoManager ReloadAssembly
Symbol file LoadedFromMemory doesn't match image C:\Users\Chobaa\Documents\GitHub\VertexBeat\VertexBeat\Library\PackageCache\com.unity.visualscripting@1.8.0\Editor\VisualScripting.Core\Dependencies\YamlDotNet\Unity.VisualScripting.YamlDotNet.dll
Symbol file LoadedFromMemory doesn't match image C:\Users\Chobaa\Documents\GitHub\VertexBeat\VertexBeat\Library\PackageCache\com.unity.visualscripting@1.8.0\Editor\VisualScripting.Core\Dependencies\DotNetZip\Unity.VisualScripting.IonicZip.dll
Native extension for WindowsStandalone target not found
Native extension for Android target not found
Refreshing native plugins compatible for Editor in 0.52 ms, found 3 plugins.
Preloading 0 native plugins for Editor in 0.00 ms.
Mono: successfully reloaded assembly
- Completed reload, in  0.932 seconds
Domain Reload Profiling:
	ReloadAssembly (932ms)
		BeginReloadAssembly (136ms)
			ExecutionOrderSort (0ms)
			DisableScriptedObjects (6ms)
			BackupInstance (0ms)
			ReleaseScriptingObjects (0ms)
			CreateAndSetChildDomain (31ms)
		EndReloadAssembly (700ms)
			LoadAssemblies (83ms)
			RebuildTransferFunctionScriptingTraits (0ms)
			SetupTypeCache (242ms)
			ReleaseScriptCaches (1ms)
			RebuildScriptCaches (39ms)
			SetupLoadedEditorAssemblies (293ms)
				LogAssemblyErrors (0ms)
				InitializePlatformSupportModulesInManaged (21ms)
				SetLoadedEditorAssemblies (0ms)
				RefreshPlugins (1ms)
				BeforeProcessingInitializeOnLoad (61ms)
				ProcessInitializeOnLoadAttributes (182ms)
				ProcessInitializeOnLoadMethodAttributes (19ms)
				AfterProcessingInitializeOnLoad (8ms)
				EditorAssembliesLoaded (0ms)
			ExecutionOrderSort2 (0ms)
			AwakeInstancesAfterBackupRestoration (7ms)
Platform modules already initialized, skipping
Refreshing native plugins compatible for Editor in 1.68 ms, found 3 plugins.
Preloading 0 native plugins for Editor in 0.00 ms.
Unloading 3046 Unused Serialized files (Serialized files now loaded: 0)
Unloading 15 unused Assets / (24.7 KB). Loaded Objects now: 3631.
Memory consumption went from 112.0 MB to 111.9 MB.
Total: 2.749200 ms (FindLiveObjects: 0.270800 ms CreateObjectMapping: 0.072700 ms MarkObjects: 2.388100 ms  DeleteObjects: 0.016500 ms)

AssetImportParameters requested are different than current active one (requested -> active):
  custom:video-decoder-ogg-theora: a1e56fd34408186e4bbccfd4996cb3dc -> 
  custom:container-muxer-webm: aa71ff27fc2769a1b78a27578f13a17b -> 
  custom:container-demuxer-webm: 4f35f7cbe854078d1ac9338744f61a02 -> 
  custom:video-encoder-webm-vp8: eb34c28f22e8b96e1ab97ce403110664 -> 
  custom:audio-encoder-webm-vorbis: bf7c407c2cedff20999df2af8eb42d56 -> 
  custom:framework-win-MediaFoundation: 216162199b28c13a410421893ffa2e32 -> 
  custom:container-demuxer-ogg: 62fdf1f143b41e24485cea50d1cbac27 -> 
  custom:video-decoder-webm-vp8: 9c59270c3fd7afecdb556c50c9e8de78 -> 
  custom:audio-decoder-ogg-vorbis: bf7c407c2cedff20999df2af8eb42d56 -> 
========================================================================
Received Prepare
Registering precompiled user dll's ...
Registered in 0.006275 seconds.
Begin MonoManager ReloadAssembly
Symbol file LoadedFromMemory doesn't match image C:\Users\Chobaa\Documents\GitHub\VertexBeat\VertexBeat\Library\PackageCache\com.unity.visualscripting@1.8.0\Editor\VisualScripting.Core\Dependencies\YamlDotNet\Unity.VisualScripting.YamlDotNet.dll
Symbol file LoadedFromMemory doesn't match image C:\Users\Chobaa\Documents\GitHub\VertexBeat\VertexBeat\Library\PackageCache\com.unity.visualscripting@1.8.0\Editor\VisualScripting.Core\Dependencies\DotNetZip\Unity.VisualScripting.IonicZip.dll
Native extension for WindowsStandalone target not found
Native extension for Android target not found
Refreshing native plugins compatible for Editor in 0.51 ms, found 3 plugins.
Preloading 0 native plugins for Editor in 0.00 ms.
Mono: successfully reloaded assembly
- Completed reload, in  0.934 seconds
Domain Reload Profiling:
	ReloadAssembly (935ms)
		BeginReloadAssembly (140ms)
			ExecutionOrderSort (0ms)
			DisableScriptedObjects (6ms)
			BackupInstance (0ms)
			ReleaseScriptingObjects (0ms)
			CreateAndSetChildDomain (30ms)
		EndReloadAssembly (698ms)
			LoadAssemblies (87ms)
			RebuildTransferFunctionScriptingTraits (0ms)
			SetupTypeCache (237ms)
			ReleaseScriptCaches (1ms)
			RebuildScriptCaches (39ms)
			SetupLoadedEditorAssemblies (299ms)
				LogAssemblyErrors (0ms)
				InitializePlatformSupportModulesInManaged (21ms)
				SetLoadedEditorAssemblies (0ms)
				RefreshPlugins (1ms)
				BeforeProcessingInitializeOnLoad (59ms)
				ProcessInitializeOnLoadAttributes (187ms)
				ProcessInitializeOnLoadMethodAttributes (22ms)
				AfterProcessingInitializeOnLoad (8ms)
				EditorAssembliesLoaded (0ms)
			ExecutionOrderSort2 (0ms)
			AwakeInstancesAfterBackupRestoration (7ms)
Platform modules already initialized, skipping
Refreshing native plugins compatible for Editor in 1.59 ms, found 3 plugins.
Preloading 0 native plugins for Editor in 0.00 ms.
Unloading 3046 Unused Serialized files (Serialized files now loaded: 0)
Unloading 15 unused Assets / (24.7 KB). Loaded Objects now: 3634.
Memory consumption went from 112.0 MB to 111.9 MB.
Total: 2.697800 ms (FindLiveObjects: 0.243300 ms CreateObjectMapping: 0.072500 ms MarkObjects: 2.364900 ms  DeleteObjects: 0.016100 ms)

AssetImportParameters requested are different than current active one (requested -> active):
  custom:video-decoder-ogg-theora: a1e56fd34408186e4bbccfd4996cb3dc -> 
  custom:container-muxer-webm: aa71ff27fc2769a1b78a27578f13a17b -> 
  custom:container-demuxer-webm: 4f35f7cbe854078d1ac9338744f61a02 -> 
  custom:video-encoder-webm-vp8: eb34c28f22e8b96e1ab97ce403110664 -> 
  custom:audio-encoder-webm-vorbis: bf7c407c2cedff20999df2af8eb42d56 -> 
  custom:framework-win-MediaFoundation: 216162199b28c13a410421893ffa2e32 -> 
  custom:container-demuxer-ogg: 62fdf1f143b41e24485cea50d1cbac27 -> 
  custom:video-decoder-webm-vp8: 9c59270c3fd7afecdb556c50c9e8de78 -> 
  custom:audio-decoder-ogg-vorbis: bf7c407c2cedff20999df2af8eb42d56 -> 
========================================================================
Received Prepare
Registering precompiled user dll's ...
Registered in 0.007282 seconds.
Begin MonoManager ReloadAssembly
Symbol file LoadedFromMemory doesn't match image C:\Users\Chobaa\Documents\GitHub\VertexBeat\VertexBeat\Library\PackageCache\com.unity.visualscripting@1.8.0\Editor\VisualScripting.Core\Dependencies\YamlDotNet\Unity.VisualScripting.YamlDotNet.dll
Symbol file LoadedFromMemory doesn't match image C:\Users\Chobaa\Documents\GitHub\VertexBeat\VertexBeat\Library\PackageCache\com.unity.visualscripting@1.8.0\Editor\VisualScripting.Core\Dependencies\DotNetZip\Unity.VisualScripting.IonicZip.dll
Native extension for WindowsStandalone target not found
Native extension for Android target not found
Refreshing native plugins compatible for Editor in 0.63 ms, found 3 plugins.
Preloading 0 native plugins for Editor in 0.00 ms.
Mono: successfully reloaded assembly
- Completed reload, in  1.078 seconds
Domain Reload Profiling:
	ReloadAssembly (1079ms)
		BeginReloadAssembly (146ms)
			ExecutionOrderSort (0ms)
			DisableScriptedObjects (6ms)
			BackupInstance (0ms)
			ReleaseScriptingObjects (0ms)
			CreateAndSetChildDomain (28ms)
		EndReloadAssembly (821ms)
			LoadAssemblies (102ms)
			RebuildTransferFunctionScriptingTraits (0ms)
			SetupTypeCache (280ms)
			ReleaseScriptCaches (1ms)
			RebuildScriptCaches (47ms)
			SetupLoadedEditorAssemblies (346ms)
				LogAssemblyErrors (0ms)
				InitializePlatformSupportModulesInManaged (27ms)
				SetLoadedEditorAssemblies (1ms)
				RefreshPlugins (1ms)
				BeforeProcessingInitializeOnLoad (69ms)
				ProcessInitializeOnLoadAttributes (216ms)
				ProcessInitializeOnLoadMethodAttributes (24ms)
				AfterProcessingInitializeOnLoad (9ms)
				EditorAssembliesLoaded (0ms)
			ExecutionOrderSort2 (0ms)
			AwakeInstancesAfterBackupRestoration (7ms)
Platform modules already initialized, skipping
Refreshing native plugins compatible for Editor in 2.04 ms, found 3 plugins.
Preloading 0 native plugins for Editor in 0.00 ms.
Unloading 3046 Unused Serialized files (Serialized files now loaded: 0)
Unloading 15 unused Assets / (24.7 KB). Loaded Objects now: 3637.
Memory consumption went from 112.0 MB to 111.9 MB.
Total: 2.997400 ms (FindLiveObjects: 0.269100 ms CreateObjectMapping: 0.076000 ms MarkObjects: 2.631800 ms  DeleteObjects: 0.019600 ms)

AssetImportParameters requested are different than current active one (requested -> active):
  custom:video-decoder-ogg-theora: a1e56fd34408186e4bbccfd4996cb3dc -> 
  custom:container-muxer-webm: aa71ff27fc2769a1b78a27578f13a17b -> 
  custom:container-demuxer-webm: 4f35f7cbe854078d1ac9338744f61a02 -> 
  custom:video-encoder-webm-vp8: eb34c28f22e8b96e1ab97ce403110664 -> 
  custom:audio-encoder-webm-vorbis: bf7c407c2cedff20999df2af8eb42d56 -> 
  custom:framework-win-MediaFoundation: 216162199b28c13a410421893ffa2e32 -> 
  custom:container-demuxer-ogg: 62fdf1f143b41e24485cea50d1cbac27 -> 
  custom:video-decoder-webm-vp8: 9c59270c3fd7afecdb556c50c9e8de78 -> 
  custom:audio-decoder-ogg-vorbis: bf7c407c2cedff20999df2af8eb42d56 -> 
========================================================================
Received Prepare
Registering precompiled user dll's ...
Registered in 0.006456 seconds.
Begin MonoManager ReloadAssembly
Symbol file LoadedFromMemory doesn't match image C:\Users\Chobaa\Documents\GitHub\VertexBeat\VertexBeat\Library\PackageCache\com.unity.visualscripting@1.8.0\Editor\VisualScripting.Core\Dependencies\YamlDotNet\Unity.VisualScripting.YamlDotNet.dll
Symbol file LoadedFromMemory doesn't match image C:\Users\Chobaa\Documents\GitHub\VertexBeat\VertexBeat\Library\PackageCache\com.unity.visualscripting@1.8.0\Editor\VisualScripting.Core\Dependencies\DotNetZip\Unity.VisualScripting.IonicZip.dll
Native extension for WindowsStandalone target not found
Native extension for Android target not found
Refreshing native plugins compatible for Editor in 0.63 ms, found 3 plugins.
Preloading 0 native plugins for Editor in 0.00 ms.
Mono: successfully reloaded assembly
- Completed reload, in  1.109 seconds
Domain Reload Profiling:
	ReloadAssembly (1109ms)
		BeginReloadAssembly (161ms)
			ExecutionOrderSort (0ms)
			DisableScriptedObjects (6ms)
			BackupInstance (0ms)
			ReleaseScriptingObjects (0ms)
			CreateAndSetChildDomain (36ms)
		EndReloadAssembly (832ms)
			LoadAssemblies (110ms)
			RebuildTransferFunctionScriptingTraits (0ms)
			SetupTypeCache (283ms)
			ReleaseScriptCaches (1ms)
			RebuildScriptCaches (48ms)
			SetupLoadedEditorAssemblies (349ms)
				LogAssemblyErrors (0ms)
				InitializePlatformSupportModulesInManaged (26ms)
				SetLoadedEditorAssemblies (1ms)
				RefreshPlugins (1ms)
				BeforeProcessingInitializeOnLoad (69ms)
				ProcessInitializeOnLoadAttributes (218ms)
				ProcessInitializeOnLoadMethodAttributes (25ms)
				AfterProcessingInitializeOnLoad (9ms)
				EditorAssembliesLoaded (1ms)
			ExecutionOrderSort2 (0ms)
			AwakeInstancesAfterBackupRestoration (7ms)
Platform modules already initialized, skipping
Refreshing native plugins compatible for Editor in 1.88 ms, found 3 plugins.
Preloading 0 native plugins for Editor in 0.00 ms.
Unloading 3046 Unused Serialized files (Serialized files now loaded: 0)
Unloading 15 unused Assets / (24.6 KB). Loaded Objects now: 3640.
Memory consumption went from 112.0 MB to 111.9 MB.
Total: 2.816100 ms (FindLiveObjects: 0.276600 ms CreateObjectMapping: 0.090500 ms MarkObjects: 2.420500 ms  DeleteObjects: 0.027600 ms)

AssetImportParameters requested are different than current active one (requested -> active):
  custom:video-decoder-ogg-theora: a1e56fd34408186e4bbccfd4996cb3dc -> 
  custom:container-muxer-webm: aa71ff27fc2769a1b78a27578f13a17b -> 
  custom:container-demuxer-webm: 4f35f7cbe854078d1ac9338744f61a02 -> 
  custom:video-encoder-webm-vp8: eb34c28f22e8b96e1ab97ce403110664 -> 
  custom:audio-encoder-webm-vorbis: bf7c407c2cedff20999df2af8eb42d56 -> 
  custom:framework-win-MediaFoundation: 216162199b28c13a410421893ffa2e32 -> 
  custom:container-demuxer-ogg: 62fdf1f143b41e24485cea50d1cbac27 -> 
  custom:video-decoder-webm-vp8: 9c59270c3fd7afecdb556c50c9e8de78 -> 
  custom:audio-decoder-ogg-vorbis: bf7c407c2cedff20999df2af8eb42d56 -> 
========================================================================
Received Prepare
Registering precompiled user dll's ...
Registered in 0.005904 seconds.
Begin MonoManager ReloadAssembly
Symbol file LoadedFromMemory doesn't match image C:\Users\Chobaa\Documents\GitHub\VertexBeat\VertexBeat\Library\PackageCache\com.unity.visualscripting@1.8.0\Editor\VisualScripting.Core\Dependencies\YamlDotNet\Unity.VisualScripting.YamlDotNet.dll
Symbol file LoadedFromMemory doesn't match image C:\Users\Chobaa\Documents\GitHub\VertexBeat\VertexBeat\Library\PackageCache\com.unity.visualscripting@1.8.0\Editor\VisualScripting.Core\Dependencies\DotNetZip\Unity.VisualScripting.IonicZip.dll
Native extension for WindowsStandalone target not found
Native extension for Android target not found
Refreshing native plugins compatible for Editor in 0.60 ms, found 3 plugins.
Preloading 0 native plugins for Editor in 0.00 ms.
Mono: successfully reloaded assembly
- Completed reload, in  1.087 seconds
Domain Reload Profiling:
	ReloadAssembly (1087ms)
		BeginReloadAssembly (152ms)
			ExecutionOrderSort (0ms)
			DisableScriptedObjects (6ms)
			BackupInstance (0ms)
			ReleaseScriptingObjects (0ms)
			CreateAndSetChildDomain (34ms)
		EndReloadAssembly (830ms)
			LoadAssemblies (102ms)
			RebuildTransferFunctionScriptingTraits (0ms)
			SetupTypeCache (282ms)
			ReleaseScriptCaches (1ms)
			RebuildScriptCaches (48ms)
			SetupLoadedEditorAssemblies (350ms)
				LogAssemblyErrors (0ms)
				InitializePlatformSupportModulesInManaged (27ms)
				SetLoadedEditorAssemblies (0ms)
				RefreshPlugins (1ms)
				BeforeProcessingInitializeOnLoad (71ms)
				ProcessInitializeOnLoadAttributes (216ms)
				ProcessInitializeOnLoadMethodAttributes (25ms)
				AfterProcessingInitializeOnLoad (10ms)
				EditorAssembliesLoaded (0ms)
			ExecutionOrderSort2 (0ms)
			AwakeInstancesAfterBackupRestoration (8ms)
Platform modules already initialized, skipping
Refreshing native plugins compatible for Editor in 1.92 ms, found 3 plugins.
Preloading 0 native plugins for Editor in 0.00 ms.
Unloading 3046 Unused Serialized files (Serialized files now loaded: 0)
Unloading 15 unused Assets / (24.6 KB). Loaded Objects now: 3643.
Memory consumption went from 112.0 MB to 112.0 MB.
Total: 2.982700 ms (FindLiveObjects: 0.329400 ms CreateObjectMapping: 0.100400 ms MarkObjects: 2.529500 ms  DeleteObjects: 0.022600 ms)

AssetImportParameters requested are different than current active one (requested -> active):
  custom:video-decoder-ogg-theora: a1e56fd34408186e4bbccfd4996cb3dc -> 
  custom:container-muxer-webm: aa71ff27fc2769a1b78a27578f13a17b -> 
  custom:container-demuxer-webm: 4f35f7cbe854078d1ac9338744f61a02 -> 
  custom:video-encoder-webm-vp8: eb34c28f22e8b96e1ab97ce403110664 -> 
  custom:audio-encoder-webm-vorbis: bf7c407c2cedff20999df2af8eb42d56 -> 
  custom:framework-win-MediaFoundation: 216162199b28c13a410421893ffa2e32 -> 
  custom:container-demuxer-ogg: 62fdf1f143b41e24485cea50d1cbac27 -> 
  custom:video-decoder-webm-vp8: 9c59270c3fd7afecdb556c50c9e8de78 -> 
  custom:audio-decoder-ogg-vorbis: bf7c407c2cedff20999df2af8eb42d56 -> 
========================================================================
Received Prepare
Registering precompiled user dll's ...
Registered in 0.006448 seconds.
Begin MonoManager ReloadAssembly
Symbol file LoadedFromMemory doesn't match image C:\Users\Chobaa\Documents\GitHub\VertexBeat\VertexBeat\Library\PackageCache\com.unity.visualscripting@1.8.0\Editor\VisualScripting.Core\Dependencies\YamlDotNet\Unity.VisualScripting.YamlDotNet.dll
Symbol file LoadedFromMemory doesn't match image C:\Users\Chobaa\Documents\GitHub\VertexBeat\VertexBeat\Library\PackageCache\com.unity.visualscripting@1.8.0\Editor\VisualScripting.Core\Dependencies\DotNetZip\Unity.VisualScripting.IonicZip.dll
Native extension for WindowsStandalone target not found
Native extension for Android target not found
Refreshing native plugins compatible for Editor in 0.53 ms, found 3 plugins.
Preloading 0 native plugins for Editor in 0.00 ms.
Mono: successfully reloaded assembly
- Completed reload, in  0.921 seconds
Domain Reload Profiling:
	ReloadAssembly (922ms)
		BeginReloadAssembly (137ms)
			ExecutionOrderSort (0ms)
			DisableScriptedObjects (6ms)
			BackupInstance (0ms)
			ReleaseScriptingObjects (0ms)
			CreateAndSetChildDomain (28ms)
		EndReloadAssembly (688ms)
			LoadAssemblies (87ms)
			RebuildTransferFunctionScriptingTraits (0ms)
			SetupTypeCache (234ms)
			ReleaseScriptCaches (1ms)
			RebuildScriptCaches (39ms)
			SetupLoadedEditorAssemblies (291ms)
				LogAssemblyErrors (0ms)
				InitializePlatformSupportModulesInManaged (22ms)
				SetLoadedEditorAssemblies (1ms)
				RefreshPlugins (1ms)
				BeforeProcessingInitializeOnLoad (60ms)
				ProcessInitializeOnLoadAttributes (179ms)
				ProcessInitializeOnLoadMethodAttributes (20ms)
				AfterProcessingInitializeOnLoad (8ms)
				EditorAssembliesLoaded (0ms)
			ExecutionOrderSort2 (0ms)
			AwakeInstancesAfterBackupRestoration (7ms)
Platform modules already initialized, skipping
Refreshing native plugins compatible for Editor in 1.57 ms, found 3 plugins.
Preloading 0 native plugins for Editor in 0.00 ms.
Unloading 3046 Unused Serialized files (Serialized files now loaded: 0)
Unloading 15 unused Assets / (24.7 KB). Loaded Objects now: 3646.
Memory consumption went from 112.0 MB to 112.0 MB.
Total: 2.784200 ms (FindLiveObjects: 0.206500 ms CreateObjectMapping: 0.067400 ms MarkObjects: 2.494200 ms  DeleteObjects: 0.015600 ms)

AssetImportParameters requested are different than current active one (requested -> active):
  custom:video-decoder-ogg-theora: a1e56fd34408186e4bbccfd4996cb3dc -> 
  custom:container-muxer-webm: aa71ff27fc2769a1b78a27578f13a17b -> 
  custom:container-demuxer-webm: 4f35f7cbe854078d1ac9338744f61a02 -> 
  custom:video-encoder-webm-vp8: eb34c28f22e8b96e1ab97ce403110664 -> 
  custom:audio-encoder-webm-vorbis: bf7c407c2cedff20999df2af8eb42d56 -> 
  custom:framework-win-MediaFoundation: 216162199b28c13a410421893ffa2e32 -> 
  custom:container-demuxer-ogg: 62fdf1f143b41e24485cea50d1cbac27 -> 
  custom:video-decoder-webm-vp8: 9c59270c3fd7afecdb556c50c9e8de78 -> 
  custom:audio-decoder-ogg-vorbis: bf7c407c2cedff20999df2af8eb42d56 -> 
========================================================================
Received Prepare
Registering precompiled user dll's ...
Registered in 0.006258 seconds.
Begin MonoManager ReloadAssembly
Symbol file LoadedFromMemory doesn't match image C:\Users\Chobaa\Documents\GitHub\VertexBeat\VertexBeat\Library\PackageCache\com.unity.visualscripting@1.8.0\Editor\VisualScripting.Core\Dependencies\YamlDotNet\Unity.VisualScripting.YamlDotNet.dll
Symbol file LoadedFromMemory doesn't match image C:\Users\Chobaa\Documents\GitHub\VertexBeat\VertexBeat\Library\PackageCache\com.unity.visualscripting@1.8.0\Editor\VisualScripting.Core\Dependencies\DotNetZip\Unity.VisualScripting.IonicZip.dll
Native extension for WindowsStandalone target not found
Native extension for Android target not found
Refreshing native plugins compatible for Editor in 0.64 ms, found 3 plugins.
Preloading 0 native plugins for Editor in 0.00 ms.
Mono: successfully reloaded assembly
- Completed reload, in  1.108 seconds
Domain Reload Profiling:
	ReloadAssembly (1109ms)
		BeginReloadAssembly (163ms)
			ExecutionOrderSort (0ms)
			DisableScriptedObjects (6ms)
			BackupInstance (0ms)
			ReleaseScriptingObjects (0ms)
			CreateAndSetChildDomain (36ms)
		EndReloadAssembly (828ms)
			LoadAssemblies (112ms)
			RebuildTransferFunctionScriptingTraits (0ms)
			SetupTypeCache (281ms)
			ReleaseScriptCaches (1ms)
			RebuildScriptCaches (48ms)
			SetupLoadedEditorAssemblies (348ms)
				LogAssemblyErrors (0ms)
				InitializePlatformSupportModulesInManaged (26ms)
				SetLoadedEditorAssemblies (0ms)
				RefreshPlugins (1ms)
				BeforeProcessingInitializeOnLoad (70ms)
				ProcessInitializeOnLoadAttributes (217ms)
				ProcessInitializeOnLoadMethodAttributes (24ms)
				AfterProcessingInitializeOnLoad (9ms)
				EditorAssembliesLoaded (0ms)
			ExecutionOrderSort2 (0ms)
			AwakeInstancesAfterBackupRestoration (8ms)
Platform modules already initialized, skipping
Refreshing native plugins compatible for Editor in 1.58 ms, found 3 plugins.
Preloading 0 native plugins for Editor in 0.00 ms.
Unloading 3046 Unused Serialized files (Serialized files now loaded: 0)
Unloading 15 unused Assets / (24.7 KB). Loaded Objects now: 3649.
Memory consumption went from 112.0 MB to 112.0 MB.
Total: 2.622300 ms (FindLiveObjects: 0.209900 ms CreateObjectMapping: 0.068900 ms MarkObjects: 2.328300 ms  DeleteObjects: 0.014200 ms)

AssetImportParameters requested are different than current active one (requested -> active):
  custom:video-decoder-ogg-theora: a1e56fd34408186e4bbccfd4996cb3dc -> 
  custom:container-muxer-webm: aa71ff27fc2769a1b78a27578f13a17b -> 
  custom:container-demuxer-webm: 4f35f7cbe854078d1ac9338744f61a02 -> 
  custom:video-encoder-webm-vp8: eb34c28f22e8b96e1ab97ce403110664 -> 
  custom:audio-encoder-webm-vorbis: bf7c407c2cedff20999df2af8eb42d56 -> 
  custom:framework-win-MediaFoundation: 216162199b28c13a410421893ffa2e32 -> 
  custom:container-demuxer-ogg: 62fdf1f143b41e24485cea50d1cbac27 -> 
  custom:video-decoder-webm-vp8: 9c59270c3fd7afecdb556c50c9e8de78 -> 
  custom:audio-decoder-ogg-vorbis: bf7c407c2cedff20999df2af8eb42d56 -> 
========================================================================
Received Prepare
Registering precompiled user dll's ...
Registered in 0.006669 seconds.
Begin MonoManager ReloadAssembly
Symbol file LoadedFromMemory doesn't match image C:\Users\Chobaa\Documents\GitHub\VertexBeat\VertexBeat\Library\PackageCache\com.unity.visualscripting@1.8.0\Editor\VisualScripting.Core\Dependencies\YamlDotNet\Unity.VisualScripting.YamlDotNet.dll
Symbol file LoadedFromMemory doesn't match image C:\Users\Chobaa\Documents\GitHub\VertexBeat\VertexBeat\Library\PackageCache\com.unity.visualscripting@1.8.0\Editor\VisualScripting.Core\Dependencies\DotNetZip\Unity.VisualScripting.IonicZip.dll
Native extension for WindowsStandalone target not found
Native extension for Android target not found
Refreshing native plugins compatible for Editor in 0.53 ms, found 3 plugins.
Preloading 0 native plugins for Editor in 0.00 ms.
Mono: successfully reloaded assembly
- Completed reload, in  0.931 seconds
Domain Reload Profiling:
	ReloadAssembly (932ms)
		BeginReloadAssembly (141ms)
			ExecutionOrderSort (0ms)
			DisableScriptedObjects (6ms)
			BackupInstance (0ms)
			ReleaseScriptingObjects (0ms)
			CreateAndSetChildDomain (30ms)
		EndReloadAssembly (687ms)
			LoadAssemblies (88ms)
			RebuildTransferFunctionScriptingTraits (0ms)
			SetupTypeCache (235ms)
			ReleaseScriptCaches (1ms)
			RebuildScriptCaches (39ms)
			SetupLoadedEditorAssemblies (290ms)
				LogAssemblyErrors (0ms)
				InitializePlatformSupportModulesInManaged (21ms)
				SetLoadedEditorAssemblies (0ms)
				RefreshPlugins (1ms)
				BeforeProcessingInitializeOnLoad (59ms)
				ProcessInitializeOnLoadAttributes (179ms)
				ProcessInitializeOnLoadMethodAttributes (21ms)
				AfterProcessingInitializeOnLoad (9ms)
				EditorAssembliesLoaded (0ms)
			ExecutionOrderSort2 (0ms)
			AwakeInstancesAfterBackupRestoration (6ms)
Platform modules already initialized, skipping
Refreshing native plugins compatible for Editor in 2.02 ms, found 3 plugins.
Preloading 0 native plugins for Editor in 0.00 ms.
Unloading 3047 Unused Serialized files (Serialized files now loaded: 0)
Unloading 15 unused Assets / (24.7 KB). Loaded Objects now: 3653.
Memory consumption went from 112.0 MB to 112.0 MB.
Total: 3.141300 ms (FindLiveObjects: 0.320900 ms CreateObjectMapping: 0.105900 ms MarkObjects: 2.690600 ms  DeleteObjects: 0.022900 ms)

AssetImportParameters requested are different than current active one (requested -> active):
  custom:video-decoder-ogg-theora: a1e56fd34408186e4bbccfd4996cb3dc -> 
  custom:container-muxer-webm: aa71ff27fc2769a1b78a27578f13a17b -> 
  custom:container-demuxer-webm: 4f35f7cbe854078d1ac9338744f61a02 -> 
  custom:video-encoder-webm-vp8: eb34c28f22e8b96e1ab97ce403110664 -> 
  custom:audio-encoder-webm-vorbis: bf7c407c2cedff20999df2af8eb42d56 -> 
  custom:framework-win-MediaFoundation: 216162199b28c13a410421893ffa2e32 -> 
  custom:container-demuxer-ogg: 62fdf1f143b41e24485cea50d1cbac27 -> 
  custom:video-decoder-webm-vp8: 9c59270c3fd7afecdb556c50c9e8de78 -> 
  custom:audio-decoder-ogg-vorbis: bf7c407c2cedff20999df2af8eb42d56 -> 
========================================================================
Received Prepare
Registering precompiled user dll's ...
Registered in 0.006816 seconds.
Begin MonoManager ReloadAssembly
Symbol file LoadedFromMemory doesn't match image C:\Users\Chobaa\Documents\GitHub\VertexBeat\VertexBeat\Library\PackageCache\com.unity.visualscripting@1.8.0\Editor\VisualScripting.Core\Dependencies\YamlDotNet\Unity.VisualScripting.YamlDotNet.dll
Symbol file LoadedFromMemory doesn't match image C:\Users\Chobaa\Documents\GitHub\VertexBeat\VertexBeat\Library\PackageCache\com.unity.visualscripting@1.8.0\Editor\VisualScripting.Core\Dependencies\DotNetZip\Unity.VisualScripting.IonicZip.dll
Native extension for WindowsStandalone target not found
Native extension for Android target not found
Refreshing native plugins compatible for Editor in 0.51 ms, found 3 plugins.
Preloading 0 native plugins for Editor in 0.00 ms.
Mono: successfully reloaded assembly
- Completed reload, in  0.931 seconds
Domain Reload Profiling:
	ReloadAssembly (932ms)
		BeginReloadAssembly (133ms)
			ExecutionOrderSort (0ms)
			DisableScriptedObjects (6ms)
			BackupInstance (0ms)
			ReleaseScriptingObjects (0ms)
			CreateAndSetChildDomain (30ms)
		EndReloadAssembly (703ms)
			LoadAssemblies (82ms)
			RebuildTransferFunctionScriptingTraits (0ms)
			SetupTypeCache (238ms)
			ReleaseScriptCaches (1ms)
			RebuildScriptCaches (41ms)
			SetupLoadedEditorAssemblies (301ms)
				LogAssemblyErrors (0ms)
				InitializePlatformSupportModulesInManaged (23ms)
				SetLoadedEditorAssemblies (0ms)
				RefreshPlugins (1ms)
				BeforeProcessingInitializeOnLoad (62ms)
				ProcessInitializeOnLoadAttributes (183ms)
				ProcessInitializeOnLoadMethodAttributes (23ms)
				AfterProcessingInitializeOnLoad (8ms)
				EditorAssembliesLoaded (0ms)
			ExecutionOrderSort2 (0ms)
			AwakeInstancesAfterBackupRestoration (6ms)
Platform modules already initialized, skipping
Refreshing native plugins compatible for Editor in 1.56 ms, found 3 plugins.
Preloading 0 native plugins for Editor in 0.00 ms.
Unloading 3047 Unused Serialized files (Serialized files now loaded: 0)
Unloading 15 unused Assets / (24.6 KB). Loaded Objects now: 3656.
Memory consumption went from 112.0 MB to 112.0 MB.
Total: 2.642800 ms (FindLiveObjects: 0.240000 ms CreateObjectMapping: 0.068900 ms MarkObjects: 2.315400 ms  DeleteObjects: 0.017200 ms)

AssetImportParameters requested are different than current active one (requested -> active):
  custom:video-decoder-ogg-theora: a1e56fd34408186e4bbccfd4996cb3dc -> 
  custom:container-muxer-webm: aa71ff27fc2769a1b78a27578f13a17b -> 
  custom:container-demuxer-webm: 4f35f7cbe854078d1ac9338744f61a02 -> 
  custom:video-encoder-webm-vp8: eb34c28f22e8b96e1ab97ce403110664 -> 
  custom:audio-encoder-webm-vorbis: bf7c407c2cedff20999df2af8eb42d56 -> 
  custom:framework-win-MediaFoundation: 216162199b28c13a410421893ffa2e32 -> 
  custom:container-demuxer-ogg: 62fdf1f143b41e24485cea50d1cbac27 -> 
  custom:video-decoder-webm-vp8: 9c59270c3fd7afecdb556c50c9e8de78 -> 
  custom:audio-decoder-ogg-vorbis: bf7c407c2cedff20999df2af8eb42d56 -> 
========================================================================
Received Prepare
Registering precompiled user dll's ...
Registered in 0.006461 seconds.
Begin MonoManager ReloadAssembly
Symbol file LoadedFromMemory doesn't match image C:\Users\Chobaa\Documents\GitHub\VertexBeat\VertexBeat\Library\PackageCache\com.unity.visualscripting@1.8.0\Editor\VisualScripting.Core\Dependencies\YamlDotNet\Unity.VisualScripting.YamlDotNet.dll
Symbol file LoadedFromMemory doesn't match image C:\Users\Chobaa\Documents\GitHub\VertexBeat\VertexBeat\Library\PackageCache\com.unity.visualscripting@1.8.0\Editor\VisualScripting.Core\Dependencies\DotNetZip\Unity.VisualScripting.IonicZip.dll
Native extension for WindowsStandalone target not found
Native extension for Android target not found
Refreshing native plugins compatible for Editor in 0.65 ms, found 3 plugins.
Preloading 0 native plugins for Editor in 0.00 ms.
Mono: successfully reloaded assembly
- Completed reload, in  1.089 seconds
Domain Reload Profiling:
	ReloadAssembly (1090ms)
		BeginReloadAssembly (156ms)
			ExecutionOrderSort (0ms)
			DisableScriptedObjects (6ms)
			BackupInstance (0ms)
			ReleaseScriptingObjects (0ms)
			CreateAndSetChildDomain (34ms)
		EndReloadAssembly (821ms)
			LoadAssemblies (103ms)
			RebuildTransferFunctionScriptingTraits (0ms)
			SetupTypeCache (279ms)
			ReleaseScriptCaches (1ms)
			RebuildScriptCaches (47ms)
			SetupLoadedEditorAssemblies (348ms)
				LogAssemblyErrors (0ms)
				InitializePlatformSupportModulesInManaged (26ms)
				SetLoadedEditorAssemblies (1ms)
				RefreshPlugins (1ms)
				BeforeProcessingInitializeOnLoad (69ms)
				ProcessInitializeOnLoadAttributes (219ms)
				ProcessInitializeOnLoadMethodAttributes (25ms)
				AfterProcessingInitializeOnLoad (9ms)
				EditorAssembliesLoaded (0ms)
			ExecutionOrderSort2 (0ms)
			AwakeInstancesAfterBackupRestoration (8ms)
Platform modules already initialized, skipping
Refreshing native plugins compatible for Editor in 2.01 ms, found 3 plugins.
Preloading 0 native plugins for Editor in 0.00 ms.
Unloading 3047 Unused Serialized files (Serialized files now loaded: 0)
Unloading 15 unused Assets / (24.7 KB). Loaded Objects now: 3659.
Memory consumption went from 112.0 MB to 112.0 MB.
Total: 2.893400 ms (FindLiveObjects: 0.384800 ms CreateObjectMapping: 0.084500 ms MarkObjects: 2.404600 ms  DeleteObjects: 0.018500 ms)

AssetImportParameters requested are different than current active one (requested -> active):
  custom:video-decoder-ogg-theora: a1e56fd34408186e4bbccfd4996cb3dc -> 
  custom:container-muxer-webm: aa71ff27fc2769a1b78a27578f13a17b -> 
  custom:container-demuxer-webm: 4f35f7cbe854078d1ac9338744f61a02 -> 
  custom:video-encoder-webm-vp8: eb34c28f22e8b96e1ab97ce403110664 -> 
  custom:audio-encoder-webm-vorbis: bf7c407c2cedff20999df2af8eb42d56 -> 
  custom:framework-win-MediaFoundation: 216162199b28c13a410421893ffa2e32 -> 
  custom:container-demuxer-ogg: 62fdf1f143b41e24485cea50d1cbac27 -> 
  custom:video-decoder-webm-vp8: 9c59270c3fd7afecdb556c50c9e8de78 -> 
  custom:audio-decoder-ogg-vorbis: bf7c407c2cedff20999df2af8eb42d56 -> 
========================================================================
Received Prepare
Registering precompiled user dll's ...
Registered in 0.006818 seconds.
Begin MonoManager ReloadAssembly
Symbol file LoadedFromMemory doesn't match image C:\Users\Chobaa\Documents\GitHub\VertexBeat\VertexBeat\Library\PackageCache\com.unity.visualscripting@1.8.0\Editor\VisualScripting.Core\Dependencies\YamlDotNet\Unity.VisualScripting.YamlDotNet.dll
Symbol file LoadedFromMemory doesn't match image C:\Users\Chobaa\Documents\GitHub\VertexBeat\VertexBeat\Library\PackageCache\com.unity.visualscripting@1.8.0\Editor\VisualScripting.Core\Dependencies\DotNetZip\Unity.VisualScripting.IonicZip.dll
Native extension for WindowsStandalone target not found
Native extension for Android target not found
Refreshing native plugins compatible for Editor in 0.53 ms, found 3 plugins.
Preloading 0 native plugins for Editor in 0.00 ms.
Mono: successfully reloaded assembly
- Completed reload, in  0.923 seconds
Domain Reload Profiling:
	ReloadAssembly (924ms)
		BeginReloadAssembly (134ms)
			ExecutionOrderSort (0ms)
			DisableScriptedObjects (6ms)
			BackupInstance (0ms)
			ReleaseScriptingObjects (0ms)
			CreateAndSetChildDomain (29ms)
		EndReloadAssembly (693ms)
			LoadAssemblies (83ms)
			RebuildTransferFunctionScriptingTraits (0ms)
			SetupTypeCache (235ms)
			ReleaseScriptCaches (1ms)
			RebuildScriptCaches (41ms)
			SetupLoadedEditorAssemblies (291ms)
				LogAssemblyErrors (0ms)
				InitializePlatformSupportModulesInManaged (22ms)
				SetLoadedEditorAssemblies (0ms)
				RefreshPlugins (1ms)
				BeforeProcessingInitializeOnLoad (60ms)
				ProcessInitializeOnLoadAttributes (179ms)
				ProcessInitializeOnLoadMethodAttributes (21ms)
				AfterProcessingInitializeOnLoad (8ms)
				EditorAssembliesLoaded (0ms)
			ExecutionOrderSort2 (0ms)
			AwakeInstancesAfterBackupRestoration (6ms)
Platform modules already initialized, skipping
Refreshing native plugins compatible for Editor in 1.89 ms, found 3 plugins.
Preloading 0 native plugins for Editor in 0.00 ms.
Unloading 3047 Unused Serialized files (Serialized files now loaded: 0)
Unloading 15 unused Assets / (24.7 KB). Loaded Objects now: 3662.
Memory consumption went from 112.1 MB to 112.0 MB.
Total: 2.800700 ms (FindLiveObjects: 0.275500 ms CreateObjectMapping: 0.075600 ms MarkObjects: 2.428700 ms  DeleteObjects: 0.019900 ms)

AssetImportParameters requested are different than current active one (requested -> active):
  custom:video-decoder-ogg-theora: a1e56fd34408186e4bbccfd4996cb3dc -> 
  custom:container-muxer-webm: aa71ff27fc2769a1b78a27578f13a17b -> 
  custom:container-demuxer-webm: 4f35f7cbe854078d1ac9338744f61a02 -> 
  custom:video-encoder-webm-vp8: eb34c28f22e8b96e1ab97ce403110664 -> 
  custom:audio-encoder-webm-vorbis: bf7c407c2cedff20999df2af8eb42d56 -> 
  custom:framework-win-MediaFoundation: 216162199b28c13a410421893ffa2e32 -> 
  custom:container-demuxer-ogg: 62fdf1f143b41e24485cea50d1cbac27 -> 
  custom:video-decoder-webm-vp8: 9c59270c3fd7afecdb556c50c9e8de78 -> 
  custom:audio-decoder-ogg-vorbis: bf7c407c2cedff20999df2af8eb42d56 -> 
========================================================================
Received Prepare
Registering precompiled user dll's ...
Registered in 0.006042 seconds.
Begin MonoManager ReloadAssembly
Symbol file LoadedFromMemory doesn't match image C:\Users\Chobaa\Documents\GitHub\VertexBeat\VertexBeat\Library\PackageCache\com.unity.visualscripting@1.8.0\Editor\VisualScripting.Core\Dependencies\YamlDotNet\Unity.VisualScripting.YamlDotNet.dll
Symbol file LoadedFromMemory doesn't match image C:\Users\Chobaa\Documents\GitHub\VertexBeat\VertexBeat\Library\PackageCache\com.unity.visualscripting@1.8.0\Editor\VisualScripting.Core\Dependencies\DotNetZip\Unity.VisualScripting.IonicZip.dll
Native extension for WindowsStandalone target not found
Native extension for Android target not found
Refreshing native plugins compatible for Editor in 0.61 ms, found 3 plugins.
Preloading 0 native plugins for Editor in 0.00 ms.
Mono: successfully reloaded assembly
- Completed reload, in  1.063 seconds
Domain Reload Profiling:
	ReloadAssembly (1064ms)
		BeginReloadAssembly (138ms)
			ExecutionOrderSort (0ms)
			DisableScriptedObjects (6ms)
			BackupInstance (0ms)
			ReleaseScriptingObjects (0ms)
			CreateAndSetChildDomain (29ms)
		EndReloadAssembly (827ms)
			LoadAssemblies (90ms)
			RebuildTransferFunctionScriptingTraits (0ms)
			SetupTypeCache (271ms)
			ReleaseScriptCaches (1ms)
			RebuildScriptCaches (49ms)
			SetupLoadedEditorAssemblies (356ms)
				LogAssemblyErrors (0ms)
				InitializePlatformSupportModulesInManaged (28ms)
				SetLoadedEditorAssemblies (0ms)
				RefreshPlugins (1ms)
				BeforeProcessingInitializeOnLoad (73ms)
				ProcessInitializeOnLoadAttributes (220ms)
				ProcessInitializeOnLoadMethodAttributes (24ms)
				AfterProcessingInitializeOnLoad (10ms)
				EditorAssembliesLoaded (0ms)
			ExecutionOrderSort2 (0ms)
			AwakeInstancesAfterBackupRestoration (8ms)
Platform modules already initialized, skipping
Refreshing native plugins compatible for Editor in 2.07 ms, found 3 plugins.
Preloading 0 native plugins for Editor in 0.00 ms.
Unloading 3047 Unused Serialized files (Serialized files now loaded: 0)
Unloading 15 unused Assets / (24.7 KB). Loaded Objects now: 3665.
Memory consumption went from 112.1 MB to 112.0 MB.
Total: 2.819300 ms (FindLiveObjects: 0.273700 ms CreateObjectMapping: 0.144800 ms MarkObjects: 2.379700 ms  DeleteObjects: 0.020300 ms)

AssetImportParameters requested are different than current active one (requested -> active):
  custom:video-decoder-ogg-theora: a1e56fd34408186e4bbccfd4996cb3dc -> 
  custom:container-muxer-webm: aa71ff27fc2769a1b78a27578f13a17b -> 
  custom:container-demuxer-webm: 4f35f7cbe854078d1ac9338744f61a02 -> 
  custom:video-encoder-webm-vp8: eb34c28f22e8b96e1ab97ce403110664 -> 
  custom:audio-encoder-webm-vorbis: bf7c407c2cedff20999df2af8eb42d56 -> 
  custom:framework-win-MediaFoundation: 216162199b28c13a410421893ffa2e32 -> 
  custom:container-demuxer-ogg: 62fdf1f143b41e24485cea50d1cbac27 -> 
  custom:video-decoder-webm-vp8: 9c59270c3fd7afecdb556c50c9e8de78 -> 
  custom:audio-decoder-ogg-vorbis: bf7c407c2cedff20999df2af8eb42d56 -> 
========================================================================
Received Prepare
Registering precompiled user dll's ...
Registered in 0.006355 seconds.
Begin MonoManager ReloadAssembly
Symbol file LoadedFromMemory doesn't match image C:\Users\Chobaa\Documents\GitHub\VertexBeat\VertexBeat\Library\PackageCache\com.unity.visualscripting@1.8.0\Editor\VisualScripting.Core\Dependencies\YamlDotNet\Unity.VisualScripting.YamlDotNet.dll
Symbol file LoadedFromMemory doesn't match image C:\Users\Chobaa\Documents\GitHub\VertexBeat\VertexBeat\Library\PackageCache\com.unity.visualscripting@1.8.0\Editor\VisualScripting.Core\Dependencies\DotNetZip\Unity.VisualScripting.IonicZip.dll
Native extension for WindowsStandalone target not found
Native extension for Android target not found
Refreshing native plugins compatible for Editor in 0.53 ms, found 3 plugins.
Preloading 0 native plugins for Editor in 0.00 ms.
Mono: successfully reloaded assembly
- Completed reload, in  0.942 seconds
Domain Reload Profiling:
	ReloadAssembly (943ms)
		BeginReloadAssembly (138ms)
			ExecutionOrderSort (0ms)
			DisableScriptedObjects (6ms)
			BackupInstance (0ms)
			ReleaseScriptingObjects (0ms)
			CreateAndSetChildDomain (29ms)
		EndReloadAssembly (706ms)
			LoadAssemblies (87ms)
			RebuildTransferFunctionScriptingTraits (0ms)
			SetupTypeCache (244ms)
			ReleaseScriptCaches (1ms)
			RebuildScriptCaches (40ms)
			SetupLoadedEditorAssemblies (294ms)
				LogAssemblyErrors (0ms)
				InitializePlatformSupportModulesInManaged (23ms)
				SetLoadedEditorAssemblies (0ms)
				RefreshPlugins (1ms)
				BeforeProcessingInitializeOnLoad (62ms)
				ProcessInitializeOnLoadAttributes (180ms)
				ProcessInitializeOnLoadMethodAttributes (19ms)
				AfterProcessingInitializeOnLoad (8ms)
				EditorAssembliesLoaded (0ms)
			ExecutionOrderSort2 (0ms)
			AwakeInstancesAfterBackupRestoration (7ms)
Platform modules already initialized, skipping
Refreshing native plugins compatible for Editor in 1.65 ms, found 3 plugins.
Preloading 0 native plugins for Editor in 0.00 ms.
Unloading 3047 Unused Serialized files (Serialized files now loaded: 0)
Unloading 15 unused Assets / (24.7 KB). Loaded Objects now: 3668.
Memory consumption went from 112.1 MB to 112.0 MB.
Total: 2.815500 ms (FindLiveObjects: 0.272300 ms CreateObjectMapping: 0.100000 ms MarkObjects: 2.426500 ms  DeleteObjects: 0.015800 ms)

AssetImportParameters requested are different than current active one (requested -> active):
  custom:video-decoder-ogg-theora: a1e56fd34408186e4bbccfd4996cb3dc -> 
  custom:container-muxer-webm: aa71ff27fc2769a1b78a27578f13a17b -> 
  custom:container-demuxer-webm: 4f35f7cbe854078d1ac9338744f61a02 -> 
  custom:video-encoder-webm-vp8: eb34c28f22e8b96e1ab97ce403110664 -> 
  custom:audio-encoder-webm-vorbis: bf7c407c2cedff20999df2af8eb42d56 -> 
  custom:framework-win-MediaFoundation: 216162199b28c13a410421893ffa2e32 -> 
  custom:container-demuxer-ogg: 62fdf1f143b41e24485cea50d1cbac27 -> 
  custom:video-decoder-webm-vp8: 9c59270c3fd7afecdb556c50c9e8de78 -> 
  custom:audio-decoder-ogg-vorbis: bf7c407c2cedff20999df2af8eb42d56 -> 
========================================================================
Received Prepare
Registering precompiled user dll's ...
Registered in 0.005801 seconds.
Begin MonoManager ReloadAssembly
Symbol file LoadedFromMemory doesn't match image C:\Users\Chobaa\Documents\GitHub\VertexBeat\VertexBeat\Library\PackageCache\com.unity.visualscripting@1.8.0\Editor\VisualScripting.Core\Dependencies\YamlDotNet\Unity.VisualScripting.YamlDotNet.dll
Symbol file LoadedFromMemory doesn't match image C:\Users\Chobaa\Documents\GitHub\VertexBeat\VertexBeat\Library\PackageCache\com.unity.visualscripting@1.8.0\Editor\VisualScripting.Core\Dependencies\DotNetZip\Unity.VisualScripting.IonicZip.dll
Native extension for WindowsStandalone target not found
Native extension for Android target not found
Refreshing native plugins compatible for Editor in 0.64 ms, found 3 plugins.
Preloading 0 native plugins for Editor in 0.00 ms.
Mono: successfully reloaded assembly
- Completed reload, in  1.050 seconds
Domain Reload Profiling:
	ReloadAssembly (1051ms)
		BeginReloadAssembly (134ms)
			ExecutionOrderSort (0ms)
			DisableScriptedObjects (6ms)
			BackupInstance (0ms)
			ReleaseScriptingObjects (0ms)
			CreateAndSetChildDomain (29ms)
		EndReloadAssembly (816ms)
			LoadAssemblies (88ms)
			RebuildTransferFunctionScriptingTraits (0ms)
			SetupTypeCache (272ms)
			ReleaseScriptCaches (1ms)
			RebuildScriptCaches (47ms)
			SetupLoadedEditorAssemblies (348ms)
				LogAssemblyErrors (0ms)
				InitializePlatformSupportModulesInManaged (26ms)
				SetLoadedEditorAssemblies (0ms)
				RefreshPlugins (1ms)
				BeforeProcessingInitializeOnLoad (69ms)
				ProcessInitializeOnLoadAttributes (218ms)
				ProcessInitializeOnLoadMethodAttributes (24ms)
				AfterProcessingInitializeOnLoad (9ms)
				EditorAssembliesLoaded (0ms)
			ExecutionOrderSort2 (0ms)
			AwakeInstancesAfterBackupRestoration (7ms)
Platform modules already initialized, skipping
Refreshing native plugins compatible for Editor in 1.96 ms, found 3 plugins.
Preloading 0 native plugins for Editor in 0.00 ms.
Unloading 3047 Unused Serialized files (Serialized files now loaded: 0)
Unloading 15 unused Assets / (24.6 KB). Loaded Objects now: 3671.
Memory consumption went from 112.1 MB to 112.1 MB.
Total: 2.968600 ms (FindLiveObjects: 0.310200 ms CreateObjectMapping: 0.122500 ms MarkObjects: 2.516600 ms  DeleteObjects: 0.018100 ms)

AssetImportParameters requested are different than current active one (requested -> active):
  custom:video-decoder-ogg-theora: a1e56fd34408186e4bbccfd4996cb3dc -> 
  custom:container-muxer-webm: aa71ff27fc2769a1b78a27578f13a17b -> 
  custom:container-demuxer-webm: 4f35f7cbe854078d1ac9338744f61a02 -> 
  custom:video-encoder-webm-vp8: eb34c28f22e8b96e1ab97ce403110664 -> 
  custom:audio-encoder-webm-vorbis: bf7c407c2cedff20999df2af8eb42d56 -> 
  custom:framework-win-MediaFoundation: 216162199b28c13a410421893ffa2e32 -> 
  custom:container-demuxer-ogg: 62fdf1f143b41e24485cea50d1cbac27 -> 
  custom:video-decoder-webm-vp8: 9c59270c3fd7afecdb556c50c9e8de78 -> 
  custom:audio-decoder-ogg-vorbis: bf7c407c2cedff20999df2af8eb42d56 -> 
========================================================================
Received Prepare
Registering precompiled user dll's ...
Registered in 0.005670 seconds.
Begin MonoManager ReloadAssembly
Symbol file LoadedFromMemory doesn't match image C:\Users\Chobaa\Documents\GitHub\VertexBeat\VertexBeat\Library\PackageCache\com.unity.visualscripting@1.8.0\Editor\VisualScripting.Core\Dependencies\YamlDotNet\Unity.VisualScripting.YamlDotNet.dll
Symbol file LoadedFromMemory doesn't match image C:\Users\Chobaa\Documents\GitHub\VertexBeat\VertexBeat\Library\PackageCache\com.unity.visualscripting@1.8.0\Editor\VisualScripting.Core\Dependencies\DotNetZip\Unity.VisualScripting.IonicZip.dll
Native extension for WindowsStandalone target not found
Native extension for Android target not found
Refreshing native plugins compatible for Editor in 0.55 ms, found 3 plugins.
Preloading 0 native plugins for Editor in 0.00 ms.
Mono: successfully reloaded assembly
- Completed reload, in  0.921 seconds
Domain Reload Profiling:
	ReloadAssembly (921ms)
		BeginReloadAssembly (128ms)
			ExecutionOrderSort (0ms)
			DisableScriptedObjects (6ms)
			BackupInstance (0ms)
			ReleaseScriptingObjects (0ms)
			CreateAndSetChildDomain (30ms)
		EndReloadAssembly (695ms)
			LoadAssemblies (78ms)
			RebuildTransferFunctionScriptingTraits (0ms)
			SetupTypeCache (233ms)
			ReleaseScriptCaches (1ms)
			RebuildScriptCaches (39ms)
			SetupLoadedEditorAssemblies (295ms)
				LogAssemblyErrors (0ms)
				InitializePlatformSupportModulesInManaged (22ms)
				SetLoadedEditorAssemblies (0ms)
				RefreshPlugins (1ms)
				BeforeProcessingInitializeOnLoad (58ms)
				ProcessInitializeOnLoadAttributes (186ms)
				ProcessInitializeOnLoadMethodAttributes (21ms)
				AfterProcessingInitializeOnLoad (8ms)
				EditorAssembliesLoaded (0ms)
			ExecutionOrderSort2 (0ms)
			AwakeInstancesAfterBackupRestoration (7ms)
Platform modules already initialized, skipping
Refreshing native plugins compatible for Editor in 1.68 ms, found 3 plugins.
Preloading 0 native plugins for Editor in 0.00 ms.
Unloading 3047 Unused Serialized files (Serialized files now loaded: 0)
Unloading 15 unused Assets / (24.7 KB). Loaded Objects now: 3674.
Memory consumption went from 112.1 MB to 112.1 MB.
Total: 2.678900 ms (FindLiveObjects: 0.243300 ms CreateObjectMapping: 0.074800 ms MarkObjects: 2.342700 ms  DeleteObjects: 0.016900 ms)

AssetImportParameters requested are different than current active one (requested -> active):
  custom:video-decoder-ogg-theora: a1e56fd34408186e4bbccfd4996cb3dc -> 
  custom:container-muxer-webm: aa71ff27fc2769a1b78a27578f13a17b -> 
  custom:container-demuxer-webm: 4f35f7cbe854078d1ac9338744f61a02 -> 
  custom:video-encoder-webm-vp8: eb34c28f22e8b96e1ab97ce403110664 -> 
  custom:audio-encoder-webm-vorbis: bf7c407c2cedff20999df2af8eb42d56 -> 
  custom:framework-win-MediaFoundation: 216162199b28c13a410421893ffa2e32 -> 
  custom:container-demuxer-ogg: 62fdf1f143b41e24485cea50d1cbac27 -> 
  custom:video-decoder-webm-vp8: 9c59270c3fd7afecdb556c50c9e8de78 -> 
  custom:audio-decoder-ogg-vorbis: bf7c407c2cedff20999df2af8eb42d56 -> 
========================================================================
Received Prepare
Registering precompiled user dll's ...
Registered in 0.006320 seconds.
Begin MonoManager ReloadAssembly
Symbol file LoadedFromMemory doesn't match image C:\Users\Chobaa\Documents\GitHub\VertexBeat\VertexBeat\Library\PackageCache\com.unity.visualscripting@1.8.0\Editor\VisualScripting.Core\Dependencies\YamlDotNet\Unity.VisualScripting.YamlDotNet.dll
Symbol file LoadedFromMemory doesn't match image C:\Users\Chobaa\Documents\GitHub\VertexBeat\VertexBeat\Library\PackageCache\com.unity.visualscripting@1.8.0\Editor\VisualScripting.Core\Dependencies\DotNetZip\Unity.VisualScripting.IonicZip.dll
Native extension for WindowsStandalone target not found
Native extension for Android target not found
Refreshing native plugins compatible for Editor in 0.65 ms, found 3 plugins.
Preloading 0 native plugins for Editor in 0.00 ms.
Mono: successfully reloaded assembly
- Completed reload, in  1.081 seconds
Domain Reload Profiling:
	ReloadAssembly (1082ms)
		BeginReloadAssembly (140ms)
			ExecutionOrderSort (0ms)
			DisableScriptedObjects (7ms)
			BackupInstance (0ms)
			ReleaseScriptingObjects (0ms)
			CreateAndSetChildDomain (28ms)
		EndReloadAssembly (835ms)
			LoadAssemblies (98ms)
			RebuildTransferFunctionScriptingTraits (0ms)
			SetupTypeCache (281ms)
			ReleaseScriptCaches (1ms)
			RebuildScriptCaches (47ms)
			SetupLoadedEditorAssemblies (353ms)
				LogAssemblyErrors (0ms)
				InitializePlatformSupportModulesInManaged (27ms)
				SetLoadedEditorAssemblies (1ms)
				RefreshPlugins (1ms)
				BeforeProcessingInitializeOnLoad (72ms)
				ProcessInitializeOnLoadAttributes (219ms)
				ProcessInitializeOnLoadMethodAttributes (24ms)
				AfterProcessingInitializeOnLoad (9ms)
				EditorAssembliesLoaded (0ms)
			ExecutionOrderSort2 (0ms)
			AwakeInstancesAfterBackupRestoration (8ms)
Platform modules already initialized, skipping
Refreshing native plugins compatible for Editor in 1.77 ms, found 3 plugins.
Preloading 0 native plugins for Editor in 0.00 ms.
Unloading 3047 Unused Serialized files (Serialized files now loaded: 0)
Unloading 15 unused Assets / (24.7 KB). Loaded Objects now: 3677.
Memory consumption went from 112.1 MB to 112.1 MB.
Total: 2.777400 ms (FindLiveObjects: 0.277000 ms CreateObjectMapping: 0.072900 ms MarkObjects: 2.407000 ms  DeleteObjects: 0.019400 ms)

AssetImportParameters requested are different than current active one (requested -> active):
  custom:video-decoder-ogg-theora: a1e56fd34408186e4bbccfd4996cb3dc -> 
  custom:container-muxer-webm: aa71ff27fc2769a1b78a27578f13a17b -> 
  custom:container-demuxer-webm: 4f35f7cbe854078d1ac9338744f61a02 -> 
  custom:video-encoder-webm-vp8: eb34c28f22e8b96e1ab97ce403110664 -> 
  custom:audio-encoder-webm-vorbis: bf7c407c2cedff20999df2af8eb42d56 -> 
  custom:framework-win-MediaFoundation: 216162199b28c13a410421893ffa2e32 -> 
  custom:container-demuxer-ogg: 62fdf1f143b41e24485cea50d1cbac27 -> 
  custom:video-decoder-webm-vp8: 9c59270c3fd7afecdb556c50c9e8de78 -> 
  custom:audio-decoder-ogg-vorbis: bf7c407c2cedff20999df2af8eb42d56 -> 
========================================================================
Received Prepare
Registering precompiled user dll's ...
Registered in 0.007859 seconds.
Begin MonoManager ReloadAssembly
Symbol file LoadedFromMemory doesn't match image C:\Users\Chobaa\Documents\GitHub\VertexBeat\VertexBeat\Library\PackageCache\com.unity.visualscripting@1.8.0\Editor\VisualScripting.Core\Dependencies\YamlDotNet\Unity.VisualScripting.YamlDotNet.dll
Symbol file LoadedFromMemory doesn't match image C:\Users\Chobaa\Documents\GitHub\VertexBeat\VertexBeat\Library\PackageCache\com.unity.visualscripting@1.8.0\Editor\VisualScripting.Core\Dependencies\DotNetZip\Unity.VisualScripting.IonicZip.dll
Native extension for WindowsStandalone target not found
Native extension for Android target not found
Refreshing native plugins compatible for Editor in 0.61 ms, found 3 plugins.
Preloading 0 native plugins for Editor in 0.00 ms.
Mono: successfully reloaded assembly
- Completed reload, in  1.029 seconds
Domain Reload Profiling:
	ReloadAssembly (1030ms)
		BeginReloadAssembly (136ms)
			ExecutionOrderSort (0ms)
			DisableScriptedObjects (6ms)
			BackupInstance (0ms)
			ReleaseScriptingObjects (0ms)
			CreateAndSetChildDomain (30ms)
		EndReloadAssembly (793ms)
			LoadAssemblies (88ms)
			RebuildTransferFunctionScriptingTraits (0ms)
			SetupTypeCache (282ms)
			ReleaseScriptCaches (1ms)
			RebuildScriptCaches (52ms)
			SetupLoadedEditorAssemblies (315ms)
				LogAssemblyErrors (0ms)
				InitializePlatformSupportModulesInManaged (27ms)
				SetLoadedEditorAssemblies (0ms)
				RefreshPlugins (1ms)
				BeforeProcessingInitializeOnLoad (71ms)
				ProcessInitializeOnLoadAttributes (187ms)
				ProcessInitializeOnLoadMethodAttributes (21ms)
				AfterProcessingInitializeOnLoad (8ms)
				EditorAssembliesLoaded (0ms)
			ExecutionOrderSort2 (0ms)
			AwakeInstancesAfterBackupRestoration (6ms)
Platform modules already initialized, skipping
Refreshing native plugins compatible for Editor in 1.77 ms, found 3 plugins.
Preloading 0 native plugins for Editor in 0.00 ms.
Unloading 3047 Unused Serialized files (Serialized files now loaded: 0)
Unloading 15 unused Assets / (24.7 KB). Loaded Objects now: 3680.
Memory consumption went from 112.1 MB to 112.1 MB.
Total: 2.832800 ms (FindLiveObjects: 0.277200 ms CreateObjectMapping: 0.075900 ms MarkObjects: 2.460100 ms  DeleteObjects: 0.018500 ms)

AssetImportParameters requested are different than current active one (requested -> active):
  custom:video-decoder-ogg-theora: a1e56fd34408186e4bbccfd4996cb3dc -> 
  custom:container-muxer-webm: aa71ff27fc2769a1b78a27578f13a17b -> 
  custom:container-demuxer-webm: 4f35f7cbe854078d1ac9338744f61a02 -> 
  custom:video-encoder-webm-vp8: eb34c28f22e8b96e1ab97ce403110664 -> 
  custom:audio-encoder-webm-vorbis: bf7c407c2cedff20999df2af8eb42d56 -> 
  custom:framework-win-MediaFoundation: 216162199b28c13a410421893ffa2e32 -> 
  custom:container-demuxer-ogg: 62fdf1f143b41e24485cea50d1cbac27 -> 
  custom:video-decoder-webm-vp8: 9c59270c3fd7afecdb556c50c9e8de78 -> 
  custom:audio-decoder-ogg-vorbis: bf7c407c2cedff20999df2af8eb42d56 -> 
========================================================================
Received Prepare
Registering precompiled user dll's ...
Registered in 0.005630 seconds.
Begin MonoManager ReloadAssembly
Symbol file LoadedFromMemory doesn't match image C:\Users\Chobaa\Documents\GitHub\VertexBeat\VertexBeat\Library\PackageCache\com.unity.visualscripting@1.8.0\Editor\VisualScripting.Core\Dependencies\YamlDotNet\Unity.VisualScripting.YamlDotNet.dll
Symbol file LoadedFromMemory doesn't match image C:\Users\Chobaa\Documents\GitHub\VertexBeat\VertexBeat\Library\PackageCache\com.unity.visualscripting@1.8.0\Editor\VisualScripting.Core\Dependencies\DotNetZip\Unity.VisualScripting.IonicZip.dll
Native extension for WindowsStandalone target not found
Native extension for Android target not found
Refreshing native plugins compatible for Editor in 0.60 ms, found 3 plugins.
Preloading 0 native plugins for Editor in 0.00 ms.
Mono: successfully reloaded assembly
- Completed reload, in  0.933 seconds
Domain Reload Profiling:
	ReloadAssembly (934ms)
		BeginReloadAssembly (140ms)
			ExecutionOrderSort (0ms)
			DisableScriptedObjects (6ms)
			BackupInstance (0ms)
			ReleaseScriptingObjects (0ms)
			CreateAndSetChildDomain (32ms)
		EndReloadAssembly (693ms)
			LoadAssemblies (90ms)
			RebuildTransferFunctionScriptingTraits (0ms)
			SetupTypeCache (237ms)
			ReleaseScriptCaches (1ms)
			RebuildScriptCaches (40ms)
			SetupLoadedEditorAssemblies (288ms)
				LogAssemblyErrors (0ms)
				InitializePlatformSupportModulesInManaged (24ms)
				SetLoadedEditorAssemblies (1ms)
				RefreshPlugins (1ms)
				BeforeProcessingInitializeOnLoad (61ms)
				ProcessInitializeOnLoadAttributes (175ms)
				ProcessInitializeOnLoadMethodAttributes (20ms)
				AfterProcessingInitializeOnLoad (7ms)
				EditorAssembliesLoaded (0ms)
			ExecutionOrderSort2 (0ms)
			AwakeInstancesAfterBackupRestoration (6ms)
Platform modules already initialized, skipping
Refreshing native plugins compatible for Editor in 1.59 ms, found 3 plugins.
Preloading 0 native plugins for Editor in 0.00 ms.
Unloading 3047 Unused Serialized files (Serialized files now loaded: 0)
Unloading 15 unused Assets / (24.6 KB). Loaded Objects now: 3683.
Memory consumption went from 112.1 MB to 112.1 MB.
Total: 2.649900 ms (FindLiveObjects: 0.228100 ms CreateObjectMapping: 0.069800 ms MarkObjects: 2.336900 ms  DeleteObjects: 0.014300 ms)

AssetImportParameters requested are different than current active one (requested -> active):
  custom:video-decoder-ogg-theora: a1e56fd34408186e4bbccfd4996cb3dc -> 
  custom:container-muxer-webm: aa71ff27fc2769a1b78a27578f13a17b -> 
  custom:container-demuxer-webm: 4f35f7cbe854078d1ac9338744f61a02 -> 
  custom:video-encoder-webm-vp8: eb34c28f22e8b96e1ab97ce403110664 -> 
  custom:audio-encoder-webm-vorbis: bf7c407c2cedff20999df2af8eb42d56 -> 
  custom:framework-win-MediaFoundation: 216162199b28c13a410421893ffa2e32 -> 
  custom:container-demuxer-ogg: 62fdf1f143b41e24485cea50d1cbac27 -> 
  custom:video-decoder-webm-vp8: 9c59270c3fd7afecdb556c50c9e8de78 -> 
  custom:audio-decoder-ogg-vorbis: bf7c407c2cedff20999df2af8eb42d56 -> 
========================================================================
Received Prepare
Registering precompiled user dll's ...
Registered in 0.005812 seconds.
Begin MonoManager ReloadAssembly
Symbol file LoadedFromMemory doesn't match image C:\Users\Chobaa\Documents\GitHub\VertexBeat\VertexBeat\Library\PackageCache\com.unity.visualscripting@1.8.0\Editor\VisualScripting.Core\Dependencies\YamlDotNet\Unity.VisualScripting.YamlDotNet.dll
Symbol file LoadedFromMemory doesn't match image C:\Users\Chobaa\Documents\GitHub\VertexBeat\VertexBeat\Library\PackageCache\com.unity.visualscripting@1.8.0\Editor\VisualScripting.Core\Dependencies\DotNetZip\Unity.VisualScripting.IonicZip.dll
Native extension for WindowsStandalone target not found
Native extension for Android target not found
Refreshing native plugins compatible for Editor in 0.76 ms, found 3 plugins.
Preloading 0 native plugins for Editor in 0.00 ms.
Mono: successfully reloaded assembly
- Completed reload, in  1.050 seconds
Domain Reload Profiling:
	ReloadAssembly (1050ms)
		BeginReloadAssembly (136ms)
			ExecutionOrderSort (0ms)
			DisableScriptedObjects (6ms)
			BackupInstance (0ms)
			ReleaseScriptingObjects (0ms)
			CreateAndSetChildDomain (29ms)
		EndReloadAssembly (814ms)
			LoadAssemblies (87ms)
			RebuildTransferFunctionScriptingTraits (0ms)
			SetupTypeCache (274ms)
			ReleaseScriptCaches (1ms)
			RebuildScriptCaches (46ms)
			SetupLoadedEditorAssemblies (349ms)
				LogAssemblyErrors (0ms)
				InitializePlatformSupportModulesInManaged (27ms)
				SetLoadedEditorAssemblies (0ms)
				RefreshPlugins (1ms)
				BeforeProcessingInitializeOnLoad (70ms)
				ProcessInitializeOnLoadAttributes (216ms)
				ProcessInitializeOnLoadMethodAttributes (25ms)
				AfterProcessingInitializeOnLoad (9ms)
				EditorAssembliesLoaded (0ms)
			ExecutionOrderSort2 (0ms)
			AwakeInstancesAfterBackupRestoration (8ms)
Platform modules already initialized, skipping
Refreshing native plugins compatible for Editor in 1.77 ms, found 3 plugins.
Preloading 0 native plugins for Editor in 0.00 ms.
Unloading 3047 Unused Serialized files (Serialized files now loaded: 0)
Unloading 15 unused Assets / (24.7 KB). Loaded Objects now: 3686.
Memory consumption went from 112.1 MB to 112.1 MB.
Total: 2.906200 ms (FindLiveObjects: 0.272800 ms CreateObjectMapping: 0.076200 ms MarkObjects: 2.537900 ms  DeleteObjects: 0.018400 ms)

AssetImportParameters requested are different than current active one (requested -> active):
  custom:video-decoder-ogg-theora: a1e56fd34408186e4bbccfd4996cb3dc -> 
  custom:container-muxer-webm: aa71ff27fc2769a1b78a27578f13a17b -> 
  custom:container-demuxer-webm: 4f35f7cbe854078d1ac9338744f61a02 -> 
  custom:video-encoder-webm-vp8: eb34c28f22e8b96e1ab97ce403110664 -> 
  custom:audio-encoder-webm-vorbis: bf7c407c2cedff20999df2af8eb42d56 -> 
  custom:framework-win-MediaFoundation: 216162199b28c13a410421893ffa2e32 -> 
  custom:container-demuxer-ogg: 62fdf1f143b41e24485cea50d1cbac27 -> 
  custom:video-decoder-webm-vp8: 9c59270c3fd7afecdb556c50c9e8de78 -> 
  custom:audio-decoder-ogg-vorbis: bf7c407c2cedff20999df2af8eb42d56 -> 
========================================================================
Received Prepare
Registering precompiled user dll's ...
Registered in 0.006249 seconds.
Begin MonoManager ReloadAssembly
Symbol file LoadedFromMemory doesn't match image C:\Users\Chobaa\Documents\GitHub\VertexBeat\VertexBeat\Library\PackageCache\com.unity.visualscripting@1.8.0\Editor\VisualScripting.Core\Dependencies\YamlDotNet\Unity.VisualScripting.YamlDotNet.dll
Symbol file LoadedFromMemory doesn't match image C:\Users\Chobaa\Documents\GitHub\VertexBeat\VertexBeat\Library\PackageCache\com.unity.visualscripting@1.8.0\Editor\VisualScripting.Core\Dependencies\DotNetZip\Unity.VisualScripting.IonicZip.dll
Native extension for WindowsStandalone target not found
Native extension for Android target not found
Refreshing native plugins compatible for Editor in 0.51 ms, found 3 plugins.
Preloading 0 native plugins for Editor in 0.00 ms.
Mono: successfully reloaded assembly
- Completed reload, in  0.936 seconds
Domain Reload Profiling:
	ReloadAssembly (936ms)
		BeginReloadAssembly (141ms)
			ExecutionOrderSort (0ms)
			DisableScriptedObjects (6ms)
			BackupInstance (0ms)
			ReleaseScriptingObjects (0ms)
			CreateAndSetChildDomain (33ms)
		EndReloadAssembly (699ms)
			LoadAssemblies (87ms)
			RebuildTransferFunctionScriptingTraits (0ms)
			SetupTypeCache (235ms)
			ReleaseScriptCaches (1ms)
			RebuildScriptCaches (41ms)
			SetupLoadedEditorAssemblies (299ms)
				LogAssemblyErrors (0ms)
				InitializePlatformSupportModulesInManaged (21ms)
				SetLoadedEditorAssemblies (0ms)
				RefreshPlugins (1ms)
				BeforeProcessingInitializeOnLoad (62ms)
				ProcessInitializeOnLoadAttributes (184ms)
				ProcessInitializeOnLoadMethodAttributes (22ms)
				AfterProcessingInitializeOnLoad (8ms)
				EditorAssembliesLoaded (0ms)
			ExecutionOrderSort2 (0ms)
			AwakeInstancesAfterBackupRestoration (7ms)
Platform modules already initialized, skipping
Refreshing native plugins compatible for Editor in 1.64 ms, found 3 plugins.
Preloading 0 native plugins for Editor in 0.00 ms.
Unloading 3047 Unused Serialized files (Serialized files now loaded: 0)
Unloading 15 unused Assets / (24.6 KB). Loaded Objects now: 3689.
Memory consumption went from 112.1 MB to 112.1 MB.
Total: 2.884100 ms (FindLiveObjects: 0.230700 ms CreateObjectMapping: 0.069800 ms MarkObjects: 2.566800 ms  DeleteObjects: 0.015900 ms)

AssetImportParameters requested are different than current active one (requested -> active):
  custom:video-decoder-ogg-theora: a1e56fd34408186e4bbccfd4996cb3dc -> 
  custom:container-muxer-webm: aa71ff27fc2769a1b78a27578f13a17b -> 
  custom:container-demuxer-webm: 4f35f7cbe854078d1ac9338744f61a02 -> 
  custom:video-encoder-webm-vp8: eb34c28f22e8b96e1ab97ce403110664 -> 
  custom:audio-encoder-webm-vorbis: bf7c407c2cedff20999df2af8eb42d56 -> 
  custom:framework-win-MediaFoundation: 216162199b28c13a410421893ffa2e32 -> 
  custom:container-demuxer-ogg: 62fdf1f143b41e24485cea50d1cbac27 -> 
  custom:video-decoder-webm-vp8: 9c59270c3fd7afecdb556c50c9e8de78 -> 
  custom:audio-decoder-ogg-vorbis: bf7c407c2cedff20999df2af8eb42d56 -> 
========================================================================
Received Prepare
Registering precompiled user dll's ...
Registered in 0.006293 seconds.
Begin MonoManager ReloadAssembly
Symbol file LoadedFromMemory doesn't match image C:\Users\Chobaa\Documents\GitHub\VertexBeat\VertexBeat\Library\PackageCache\com.unity.visualscripting@1.8.0\Editor\VisualScripting.Core\Dependencies\YamlDotNet\Unity.VisualScripting.YamlDotNet.dll
Symbol file LoadedFromMemory doesn't match image C:\Users\Chobaa\Documents\GitHub\VertexBeat\VertexBeat\Library\PackageCache\com.unity.visualscripting@1.8.0\Editor\VisualScripting.Core\Dependencies\DotNetZip\Unity.VisualScripting.IonicZip.dll
Native extension for WindowsStandalone target not found
Native extension for Android target not found
Refreshing native plugins compatible for Editor in 0.60 ms, found 3 plugins.
Preloading 0 native plugins for Editor in 0.00 ms.
Mono: successfully reloaded assembly
- Completed reload, in  1.112 seconds
Domain Reload Profiling:
	ReloadAssembly (1113ms)
		BeginReloadAssembly (161ms)
			ExecutionOrderSort (0ms)
			DisableScriptedObjects (6ms)
			BackupInstance (0ms)
			ReleaseScriptingObjects (0ms)
			CreateAndSetChildDomain (36ms)
		EndReloadAssembly (834ms)
			LoadAssemblies (109ms)
			RebuildTransferFunctionScriptingTraits (0ms)
			SetupTypeCache (282ms)
			ReleaseScriptCaches (1ms)
			RebuildScriptCaches (48ms)
			SetupLoadedEditorAssemblies (350ms)
				LogAssemblyErrors (0ms)
				InitializePlatformSupportModulesInManaged (27ms)
				SetLoadedEditorAssemblies (0ms)
				RefreshPlugins (1ms)
				BeforeProcessingInitializeOnLoad (70ms)
				ProcessInitializeOnLoadAttributes (218ms)
				ProcessInitializeOnLoadMethodAttributes (24ms)
				AfterProcessingInitializeOnLoad (10ms)
				EditorAssembliesLoaded (0ms)
			ExecutionOrderSort2 (0ms)
			AwakeInstancesAfterBackupRestoration (8ms)
Platform modules already initialized, skipping
Refreshing native plugins compatible for Editor in 1.94 ms, found 3 plugins.
Preloading 0 native plugins for Editor in 0.00 ms.
Unloading 3047 Unused Serialized files (Serialized files now loaded: 0)
Unloading 15 unused Assets / (24.7 KB). Loaded Objects now: 3692.
Memory consumption went from 112.1 MB to 112.1 MB.
Total: 2.987300 ms (FindLiveObjects: 0.302400 ms CreateObjectMapping: 0.095500 ms MarkObjects: 2.567300 ms  DeleteObjects: 0.021000 ms)

AssetImportParameters requested are different than current active one (requested -> active):
  custom:video-decoder-ogg-theora: a1e56fd34408186e4bbccfd4996cb3dc -> 
  custom:container-muxer-webm: aa71ff27fc2769a1b78a27578f13a17b -> 
  custom:container-demuxer-webm: 4f35f7cbe854078d1ac9338744f61a02 -> 
  custom:video-encoder-webm-vp8: eb34c28f22e8b96e1ab97ce403110664 -> 
  custom:audio-encoder-webm-vorbis: bf7c407c2cedff20999df2af8eb42d56 -> 
  custom:framework-win-MediaFoundation: 216162199b28c13a410421893ffa2e32 -> 
  custom:container-demuxer-ogg: 62fdf1f143b41e24485cea50d1cbac27 -> 
  custom:video-decoder-webm-vp8: 9c59270c3fd7afecdb556c50c9e8de78 -> 
  custom:audio-decoder-ogg-vorbis: bf7c407c2cedff20999df2af8eb42d56 -> 
========================================================================
Received Prepare
Registering precompiled user dll's ...
Registered in 0.006561 seconds.
Begin MonoManager ReloadAssembly
Symbol file LoadedFromMemory doesn't match image C:\Users\Chobaa\Documents\GitHub\VertexBeat\VertexBeat\Library\PackageCache\com.unity.visualscripting@1.8.0\Editor\VisualScripting.Core\Dependencies\YamlDotNet\Unity.VisualScripting.YamlDotNet.dll
Symbol file LoadedFromMemory doesn't match image C:\Users\Chobaa\Documents\GitHub\VertexBeat\VertexBeat\Library\PackageCache\com.unity.visualscripting@1.8.0\Editor\VisualScripting.Core\Dependencies\DotNetZip\Unity.VisualScripting.IonicZip.dll
Native extension for WindowsStandalone target not found
Native extension for Android target not found
Refreshing native plugins compatible for Editor in 0.63 ms, found 3 plugins.
Preloading 0 native plugins for Editor in 0.00 ms.
Mono: successfully reloaded assembly
- Completed reload, in  0.919 seconds
Domain Reload Profiling:
	ReloadAssembly (920ms)
		BeginReloadAssembly (129ms)
			ExecutionOrderSort (0ms)
			DisableScriptedObjects (6ms)
			BackupInstance (0ms)
			ReleaseScriptingObjects (0ms)
			CreateAndSetChildDomain (28ms)
		EndReloadAssembly (697ms)
			LoadAssemblies (80ms)
			RebuildTransferFunctionScriptingTraits (0ms)
			SetupTypeCache (237ms)
			ReleaseScriptCaches (1ms)
			RebuildScriptCaches (39ms)
			SetupLoadedEditorAssemblies (299ms)
				LogAssemblyErrors (0ms)
				InitializePlatformSupportModulesInManaged (21ms)
				SetLoadedEditorAssemblies (0ms)
				RefreshPlugins (1ms)
				BeforeProcessingInitializeOnLoad (58ms)
				ProcessInitializeOnLoadAttributes (192ms)
				ProcessInitializeOnLoadMethodAttributes (19ms)
				AfterProcessingInitializeOnLoad (7ms)
				EditorAssembliesLoaded (0ms)
			ExecutionOrderSort2 (0ms)
			AwakeInstancesAfterBackupRestoration (6ms)
Platform modules already initialized, skipping
Refreshing native plugins compatible for Editor in 1.53 ms, found 3 plugins.
Preloading 0 native plugins for Editor in 0.00 ms.
Unloading 3047 Unused Serialized files (Serialized files now loaded: 0)
Unloading 15 unused Assets / (24.6 KB). Loaded Objects now: 3695.
Memory consumption went from 112.1 MB to 112.1 MB.
Total: 2.601000 ms (FindLiveObjects: 0.214500 ms CreateObjectMapping: 0.069400 ms MarkObjects: 2.302500 ms  DeleteObjects: 0.013800 ms)

AssetImportParameters requested are different than current active one (requested -> active):
  custom:video-decoder-ogg-theora: a1e56fd34408186e4bbccfd4996cb3dc -> 
  custom:container-muxer-webm: aa71ff27fc2769a1b78a27578f13a17b -> 
  custom:container-demuxer-webm: 4f35f7cbe854078d1ac9338744f61a02 -> 
  custom:video-encoder-webm-vp8: eb34c28f22e8b96e1ab97ce403110664 -> 
  custom:audio-encoder-webm-vorbis: bf7c407c2cedff20999df2af8eb42d56 -> 
  custom:framework-win-MediaFoundation: 216162199b28c13a410421893ffa2e32 -> 
  custom:container-demuxer-ogg: 62fdf1f143b41e24485cea50d1cbac27 -> 
  custom:video-decoder-webm-vp8: 9c59270c3fd7afecdb556c50c9e8de78 -> 
  custom:audio-decoder-ogg-vorbis: bf7c407c2cedff20999df2af8eb42d56 -> 
========================================================================
Received Prepare
Registering precompiled user dll's ...
Registered in 0.005520 seconds.
Begin MonoManager ReloadAssembly
Symbol file LoadedFromMemory doesn't match image C:\Users\Chobaa\Documents\GitHub\VertexBeat\VertexBeat\Library\PackageCache\com.unity.visualscripting@1.8.0\Editor\VisualScripting.Core\Dependencies\YamlDotNet\Unity.VisualScripting.YamlDotNet.dll
Symbol file LoadedFromMemory doesn't match image C:\Users\Chobaa\Documents\GitHub\VertexBeat\VertexBeat\Library\PackageCache\com.unity.visualscripting@1.8.0\Editor\VisualScripting.Core\Dependencies\DotNetZip\Unity.VisualScripting.IonicZip.dll
Native extension for WindowsStandalone target not found
Native extension for Android target not found
Refreshing native plugins compatible for Editor in 0.44 ms, found 3 plugins.
Preloading 0 native plugins for Editor in 0.00 ms.
Mono: successfully reloaded assembly
- Completed reload, in  0.935 seconds
Domain Reload Profiling:
	ReloadAssembly (936ms)
		BeginReloadAssembly (140ms)
			ExecutionOrderSort (0ms)
			DisableScriptedObjects (6ms)
			BackupInstance (0ms)
			ReleaseScriptingObjects (0ms)
			CreateAndSetChildDomain (31ms)
		EndReloadAssembly (701ms)
			LoadAssemblies (87ms)
			RebuildTransferFunctionScriptingTraits (0ms)
			SetupTypeCache (238ms)
			ReleaseScriptCaches (1ms)
			RebuildScriptCaches (39ms)
			SetupLoadedEditorAssemblies (295ms)
				LogAssemblyErrors (0ms)
				InitializePlatformSupportModulesInManaged (23ms)
				SetLoadedEditorAssemblies (0ms)
				RefreshPlugins (1ms)
				BeforeProcessingInitializeOnLoad (58ms)
				ProcessInitializeOnLoadAttributes (181ms)
				ProcessInitializeOnLoadMethodAttributes (22ms)
				AfterProcessingInitializeOnLoad (9ms)
				EditorAssembliesLoaded (0ms)
			ExecutionOrderSort2 (0ms)
			AwakeInstancesAfterBackupRestoration (7ms)
Platform modules already initialized, skipping
Refreshing native plugins compatible for Editor in 1.60 ms, found 3 plugins.
Preloading 0 native plugins for Editor in 0.00 ms.
Unloading 3047 Unused Serialized files (Serialized files now loaded: 0)
Unloading 15 unused Assets / (24.6 KB). Loaded Objects now: 3698.
Memory consumption went from 112.2 MB to 112.1 MB.
Total: 3.282100 ms (FindLiveObjects: 0.266500 ms CreateObjectMapping: 0.091100 ms MarkObjects: 2.897700 ms  DeleteObjects: 0.025400 ms)

AssetImportParameters requested are different than current active one (requested -> active):
  custom:video-decoder-ogg-theora: a1e56fd34408186e4bbccfd4996cb3dc -> 
  custom:container-muxer-webm: aa71ff27fc2769a1b78a27578f13a17b -> 
  custom:container-demuxer-webm: 4f35f7cbe854078d1ac9338744f61a02 -> 
  custom:video-encoder-webm-vp8: eb34c28f22e8b96e1ab97ce403110664 -> 
  custom:audio-encoder-webm-vorbis: bf7c407c2cedff20999df2af8eb42d56 -> 
  custom:framework-win-MediaFoundation: 216162199b28c13a410421893ffa2e32 -> 
  custom:container-demuxer-ogg: 62fdf1f143b41e24485cea50d1cbac27 -> 
  custom:video-decoder-webm-vp8: 9c59270c3fd7afecdb556c50c9e8de78 -> 
  custom:audio-decoder-ogg-vorbis: bf7c407c2cedff20999df2af8eb42d56 -> 
========================================================================
Received Prepare
Registering precompiled user dll's ...
Registered in 0.006366 seconds.
Begin MonoManager ReloadAssembly
Symbol file LoadedFromMemory doesn't match image C:\Users\Chobaa\Documents\GitHub\VertexBeat\VertexBeat\Library\PackageCache\com.unity.visualscripting@1.8.0\Editor\VisualScripting.Core\Dependencies\YamlDotNet\Unity.VisualScripting.YamlDotNet.dll
Symbol file LoadedFromMemory doesn't match image C:\Users\Chobaa\Documents\GitHub\VertexBeat\VertexBeat\Library\PackageCache\com.unity.visualscripting@1.8.0\Editor\VisualScripting.Core\Dependencies\DotNetZip\Unity.VisualScripting.IonicZip.dll
Native extension for WindowsStandalone target not found
Native extension for Android target not found
Refreshing native plugins compatible for Editor in 0.64 ms, found 3 plugins.
Preloading 0 native plugins for Editor in 0.00 ms.
Mono: successfully reloaded assembly
- Completed reload, in  1.116 seconds
Domain Reload Profiling:
	ReloadAssembly (1117ms)
		BeginReloadAssembly (165ms)
			ExecutionOrderSort (0ms)
			DisableScriptedObjects (6ms)
			BackupInstance (0ms)
			ReleaseScriptingObjects (0ms)
			CreateAndSetChildDomain (35ms)
		EndReloadAssembly (837ms)
			LoadAssemblies (114ms)
			RebuildTransferFunctionScriptingTraits (0ms)
			SetupTypeCache (281ms)
			ReleaseScriptCaches (1ms)
			RebuildScriptCaches (52ms)
			SetupLoadedEditorAssemblies (350ms)
				LogAssemblyErrors (0ms)
				InitializePlatformSupportModulesInManaged (27ms)
				SetLoadedEditorAssemblies (0ms)
				RefreshPlugins (1ms)
				BeforeProcessingInitializeOnLoad (71ms)
				ProcessInitializeOnLoadAttributes (217ms)
				ProcessInitializeOnLoadMethodAttributes (23ms)
				AfterProcessingInitializeOnLoad (10ms)
				EditorAssembliesLoaded (0ms)
			ExecutionOrderSort2 (0ms)
			AwakeInstancesAfterBackupRestoration (8ms)
Platform modules already initialized, skipping
Refreshing native plugins compatible for Editor in 1.95 ms, found 3 plugins.
Preloading 0 native plugins for Editor in 0.00 ms.
Unloading 3047 Unused Serialized files (Serialized files now loaded: 0)
Unloading 15 unused Assets / (24.6 KB). Loaded Objects now: 3701.
Memory consumption went from 112.2 MB to 112.1 MB.
Total: 2.884000 ms (FindLiveObjects: 0.277700 ms CreateObjectMapping: 0.074800 ms MarkObjects: 2.510500 ms  DeleteObjects: 0.020400 ms)

AssetImportParameters requested are different than current active one (requested -> active):
  custom:video-decoder-ogg-theora: a1e56fd34408186e4bbccfd4996cb3dc -> 
  custom:container-muxer-webm: aa71ff27fc2769a1b78a27578f13a17b -> 
  custom:container-demuxer-webm: 4f35f7cbe854078d1ac9338744f61a02 -> 
  custom:video-encoder-webm-vp8: eb34c28f22e8b96e1ab97ce403110664 -> 
  custom:audio-encoder-webm-vorbis: bf7c407c2cedff20999df2af8eb42d56 -> 
  custom:framework-win-MediaFoundation: 216162199b28c13a410421893ffa2e32 -> 
  custom:container-demuxer-ogg: 62fdf1f143b41e24485cea50d1cbac27 -> 
  custom:video-decoder-webm-vp8: 9c59270c3fd7afecdb556c50c9e8de78 -> 
  custom:audio-decoder-ogg-vorbis: bf7c407c2cedff20999df2af8eb42d56 -> 
========================================================================
Received Prepare
Registering precompiled user dll's ...
Registered in 0.006016 seconds.
Begin MonoManager ReloadAssembly
Symbol file LoadedFromMemory doesn't match image C:\Users\Chobaa\Documents\GitHub\VertexBeat\VertexBeat\Library\PackageCache\com.unity.visualscripting@1.8.0\Editor\VisualScripting.Core\Dependencies\YamlDotNet\Unity.VisualScripting.YamlDotNet.dll
Symbol file LoadedFromMemory doesn't match image C:\Users\Chobaa\Documents\GitHub\VertexBeat\VertexBeat\Library\PackageCache\com.unity.visualscripting@1.8.0\Editor\VisualScripting.Core\Dependencies\DotNetZip\Unity.VisualScripting.IonicZip.dll
Native extension for WindowsStandalone target not found
Native extension for Android target not found
Refreshing native plugins compatible for Editor in 0.51 ms, found 3 plugins.
Preloading 0 native plugins for Editor in 0.00 ms.
Mono: successfully reloaded assembly
- Completed reload, in  0.940 seconds
Domain Reload Profiling:
	ReloadAssembly (941ms)
		BeginReloadAssembly (139ms)
			ExecutionOrderSort (0ms)
			DisableScriptedObjects (6ms)
			BackupInstance (0ms)
			ReleaseScriptingObjects (0ms)
			CreateAndSetChildDomain (31ms)
		EndReloadAssembly (705ms)
			LoadAssemblies (86ms)
			RebuildTransferFunctionScriptingTraits (0ms)
			SetupTypeCache (240ms)
			ReleaseScriptCaches (1ms)
			RebuildScriptCaches (38ms)
			SetupLoadedEditorAssemblies (301ms)
				LogAssemblyErrors (0ms)
				InitializePlatformSupportModulesInManaged (22ms)
				SetLoadedEditorAssemblies (0ms)
				RefreshPlugins (1ms)
				BeforeProcessingInitializeOnLoad (60ms)
				ProcessInitializeOnLoadAttributes (188ms)
				ProcessInitializeOnLoadMethodAttributes (21ms)
				AfterProcessingInitializeOnLoad (8ms)
				EditorAssembliesLoaded (0ms)
			ExecutionOrderSort2 (0ms)
			AwakeInstancesAfterBackupRestoration (7ms)
Platform modules already initialized, skipping
Refreshing native plugins compatible for Editor in 1.67 ms, found 3 plugins.
Preloading 0 native plugins for Editor in 0.00 ms.
Unloading 3047 Unused Serialized files (Serialized files now loaded: 0)
Unloading 15 unused Assets / (24.6 KB). Loaded Objects now: 3704.
Memory consumption went from 112.2 MB to 112.1 MB.
Total: 2.874300 ms (FindLiveObjects: 0.223700 ms CreateObjectMapping: 0.075200 ms MarkObjects: 2.559900 ms  DeleteObjects: 0.014500 ms)

AssetImportParameters requested are different than current active one (requested -> active):
  custom:video-decoder-ogg-theora: a1e56fd34408186e4bbccfd4996cb3dc -> 
  custom:container-muxer-webm: aa71ff27fc2769a1b78a27578f13a17b -> 
  custom:container-demuxer-webm: 4f35f7cbe854078d1ac9338744f61a02 -> 
  custom:video-encoder-webm-vp8: eb34c28f22e8b96e1ab97ce403110664 -> 
  custom:audio-encoder-webm-vorbis: bf7c407c2cedff20999df2af8eb42d56 -> 
  custom:framework-win-MediaFoundation: 216162199b28c13a410421893ffa2e32 -> 
  custom:container-demuxer-ogg: 62fdf1f143b41e24485cea50d1cbac27 -> 
  custom:video-decoder-webm-vp8: 9c59270c3fd7afecdb556c50c9e8de78 -> 
  custom:audio-decoder-ogg-vorbis: bf7c407c2cedff20999df2af8eb42d56 -> 
========================================================================
Received Prepare
Registering precompiled user dll's ...
Registered in 0.005819 seconds.
Begin MonoManager ReloadAssembly
Symbol file LoadedFromMemory doesn't match image C:\Users\Chobaa\Documents\GitHub\VertexBeat\VertexBeat\Library\PackageCache\com.unity.visualscripting@1.8.0\Editor\VisualScripting.Core\Dependencies\YamlDotNet\Unity.VisualScripting.YamlDotNet.dll
Symbol file LoadedFromMemory doesn't match image C:\Users\Chobaa\Documents\GitHub\VertexBeat\VertexBeat\Library\PackageCache\com.unity.visualscripting@1.8.0\Editor\VisualScripting.Core\Dependencies\DotNetZip\Unity.VisualScripting.IonicZip.dll
Native extension for WindowsStandalone target not found
Native extension for Android target not found
Refreshing native plugins compatible for Editor in 0.61 ms, found 3 plugins.
Preloading 0 native plugins for Editor in 0.00 ms.
Mono: successfully reloaded assembly
- Completed reload, in  1.094 seconds
Domain Reload Profiling:
	ReloadAssembly (1095ms)
		BeginReloadAssembly (151ms)
			ExecutionOrderSort (0ms)
			DisableScriptedObjects (6ms)
			BackupInstance (0ms)
			ReleaseScriptingObjects (0ms)
			CreateAndSetChildDomain (36ms)
		EndReloadAssembly (831ms)
			LoadAssemblies (97ms)
			RebuildTransferFunctionScriptingTraits (0ms)
			SetupTypeCache (281ms)
			ReleaseScriptCaches (1ms)
			RebuildScriptCaches (48ms)
			SetupLoadedEditorAssemblies (350ms)
				LogAssemblyErrors (0ms)
				InitializePlatformSupportModulesInManaged (26ms)
				SetLoadedEditorAssemblies (1ms)
				RefreshPlugins (1ms)
				BeforeProcessingInitializeOnLoad (69ms)
				ProcessInitializeOnLoadAttributes (219ms)
				ProcessInitializeOnLoadMethodAttributes (24ms)
				AfterProcessingInitializeOnLoad (10ms)
				EditorAssembliesLoaded (0ms)
			ExecutionOrderSort2 (0ms)
			AwakeInstancesAfterBackupRestoration (7ms)
Platform modules already initialized, skipping
Refreshing native plugins compatible for Editor in 1.89 ms, found 3 plugins.
Preloading 0 native plugins for Editor in 0.00 ms.
Unloading 3047 Unused Serialized files (Serialized files now loaded: 0)
Unloading 15 unused Assets / (24.6 KB). Loaded Objects now: 3707.
Memory consumption went from 112.2 MB to 112.1 MB.
Total: 3.047500 ms (FindLiveObjects: 0.321700 ms CreateObjectMapping: 0.076800 ms MarkObjects: 2.629900 ms  DeleteObjects: 0.018200 ms)

AssetImportParameters requested are different than current active one (requested -> active):
  custom:video-decoder-ogg-theora: a1e56fd34408186e4bbccfd4996cb3dc -> 
  custom:container-muxer-webm: aa71ff27fc2769a1b78a27578f13a17b -> 
  custom:container-demuxer-webm: 4f35f7cbe854078d1ac9338744f61a02 -> 
  custom:video-encoder-webm-vp8: eb34c28f22e8b96e1ab97ce403110664 -> 
  custom:audio-encoder-webm-vorbis: bf7c407c2cedff20999df2af8eb42d56 -> 
  custom:framework-win-MediaFoundation: 216162199b28c13a410421893ffa2e32 -> 
  custom:container-demuxer-ogg: 62fdf1f143b41e24485cea50d1cbac27 -> 
  custom:video-decoder-webm-vp8: 9c59270c3fd7afecdb556c50c9e8de78 -> 
  custom:audio-decoder-ogg-vorbis: bf7c407c2cedff20999df2af8eb42d56 -> 
========================================================================
Received Prepare
Registering precompiled user dll's ...
Registered in 0.005821 seconds.
Begin MonoManager ReloadAssembly
Symbol file LoadedFromMemory doesn't match image C:\Users\Chobaa\Documents\GitHub\VertexBeat\VertexBeat\Library\PackageCache\com.unity.visualscripting@1.8.0\Editor\VisualScripting.Core\Dependencies\YamlDotNet\Unity.VisualScripting.YamlDotNet.dll
Symbol file LoadedFromMemory doesn't match image C:\Users\Chobaa\Documents\GitHub\VertexBeat\VertexBeat\Library\PackageCache\com.unity.visualscripting@1.8.0\Editor\VisualScripting.Core\Dependencies\DotNetZip\Unity.VisualScripting.IonicZip.dll
Native extension for WindowsStandalone target not found
Native extension for Android target not found
Refreshing native plugins compatible for Editor in 0.55 ms, found 3 plugins.
Preloading 0 native plugins for Editor in 0.00 ms.
Mono: successfully reloaded assembly
- Completed reload, in  0.924 seconds
Domain Reload Profiling:
	ReloadAssembly (925ms)
		BeginReloadAssembly (130ms)
			ExecutionOrderSort (0ms)
			DisableScriptedObjects (6ms)
			BackupInstance (0ms)
			ReleaseScriptingObjects (0ms)
			CreateAndSetChildDomain (30ms)
		EndReloadAssembly (700ms)
			LoadAssemblies (77ms)
			RebuildTransferFunctionScriptingTraits (0ms)
			SetupTypeCache (237ms)
			ReleaseScriptCaches (1ms)
			RebuildScriptCaches (40ms)
			SetupLoadedEditorAssemblies (299ms)
				LogAssemblyErrors (0ms)
				InitializePlatformSupportModulesInManaged (22ms)
				SetLoadedEditorAssemblies (0ms)
				RefreshPlugins (1ms)
				BeforeProcessingInitializeOnLoad (61ms)
				ProcessInitializeOnLoadAttributes (186ms)
				ProcessInitializeOnLoadMethodAttributes (21ms)
				AfterProcessingInitializeOnLoad (8ms)
				EditorAssembliesLoaded (0ms)
			ExecutionOrderSort2 (0ms)
			AwakeInstancesAfterBackupRestoration (7ms)
Platform modules already initialized, skipping
Refreshing native plugins compatible for Editor in 1.58 ms, found 3 plugins.
Preloading 0 native plugins for Editor in 0.00 ms.
Unloading 3047 Unused Serialized files (Serialized files now loaded: 0)
Unloading 15 unused Assets / (24.7 KB). Loaded Objects now: 3710.
Memory consumption went from 112.2 MB to 112.2 MB.
Total: 3.008600 ms (FindLiveObjects: 0.231000 ms CreateObjectMapping: 0.066500 ms MarkObjects: 2.692100 ms  DeleteObjects: 0.017900 ms)

AssetImportParameters requested are different than current active one (requested -> active):
  custom:video-decoder-ogg-theora: a1e56fd34408186e4bbccfd4996cb3dc -> 
  custom:container-muxer-webm: aa71ff27fc2769a1b78a27578f13a17b -> 
  custom:container-demuxer-webm: 4f35f7cbe854078d1ac9338744f61a02 -> 
  custom:video-encoder-webm-vp8: eb34c28f22e8b96e1ab97ce403110664 -> 
  custom:audio-encoder-webm-vorbis: bf7c407c2cedff20999df2af8eb42d56 -> 
  custom:framework-win-MediaFoundation: 216162199b28c13a410421893ffa2e32 -> 
  custom:container-demuxer-ogg: 62fdf1f143b41e24485cea50d1cbac27 -> 
  custom:video-decoder-webm-vp8: 9c59270c3fd7afecdb556c50c9e8de78 -> 
  custom:audio-decoder-ogg-vorbis: bf7c407c2cedff20999df2af8eb42d56 -> 
========================================================================
Received Prepare
Registering precompiled user dll's ...
Registered in 0.006164 seconds.
Begin MonoManager ReloadAssembly
Symbol file LoadedFromMemory doesn't match image C:\Users\Chobaa\Documents\GitHub\VertexBeat\VertexBeat\Library\PackageCache\com.unity.visualscripting@1.8.0\Editor\VisualScripting.Core\Dependencies\YamlDotNet\Unity.VisualScripting.YamlDotNet.dll
Symbol file LoadedFromMemory doesn't match image C:\Users\Chobaa\Documents\GitHub\VertexBeat\VertexBeat\Library\PackageCache\com.unity.visualscripting@1.8.0\Editor\VisualScripting.Core\Dependencies\DotNetZip\Unity.VisualScripting.IonicZip.dll
Native extension for WindowsStandalone target not found
Native extension for Android target not found
Refreshing native plugins compatible for Editor in 0.63 ms, found 3 plugins.
Preloading 0 native plugins for Editor in 0.00 ms.
Mono: successfully reloaded assembly
- Completed reload, in  1.087 seconds
Domain Reload Profiling:
	ReloadAssembly (1088ms)
		BeginReloadAssembly (145ms)
			ExecutionOrderSort (0ms)
			DisableScriptedObjects (6ms)
			BackupInstance (0ms)
			ReleaseScriptingObjects (0ms)
			CreateAndSetChildDomain (33ms)
		EndReloadAssembly (828ms)
			LoadAssemblies (98ms)
			RebuildTransferFunctionScriptingTraits (0ms)
			SetupTypeCache (281ms)
			ReleaseScriptCaches (1ms)
			RebuildScriptCaches (49ms)
			SetupLoadedEditorAssemblies (347ms)
				LogAssemblyErrors (0ms)
				InitializePlatformSupportModulesInManaged (27ms)
				SetLoadedEditorAssemblies (1ms)
				RefreshPlugins (1ms)
				BeforeProcessingInitializeOnLoad (69ms)
				ProcessInitializeOnLoadAttributes (218ms)
				ProcessInitializeOnLoadMethodAttributes (24ms)
				AfterProcessingInitializeOnLoad (8ms)
				EditorAssembliesLoaded (0ms)
			ExecutionOrderSort2 (0ms)
			AwakeInstancesAfterBackupRestoration (7ms)
Platform modules already initialized, skipping
Refreshing native plugins compatible for Editor in 1.88 ms, found 3 plugins.
Preloading 0 native plugins for Editor in 0.00 ms.
Unloading 3047 Unused Serialized files (Serialized files now loaded: 0)
Unloading 15 unused Assets / (24.7 KB). Loaded Objects now: 3713.
Memory consumption went from 112.2 MB to 112.2 MB.
Total: 3.051100 ms (FindLiveObjects: 0.285300 ms CreateObjectMapping: 0.077800 ms MarkObjects: 2.666900 ms  DeleteObjects: 0.020500 ms)

AssetImportParameters requested are different than current active one (requested -> active):
  custom:video-decoder-ogg-theora: a1e56fd34408186e4bbccfd4996cb3dc -> 
  custom:container-muxer-webm: aa71ff27fc2769a1b78a27578f13a17b -> 
  custom:container-demuxer-webm: 4f35f7cbe854078d1ac9338744f61a02 -> 
  custom:video-encoder-webm-vp8: eb34c28f22e8b96e1ab97ce403110664 -> 
  custom:audio-encoder-webm-vorbis: bf7c407c2cedff20999df2af8eb42d56 -> 
  custom:framework-win-MediaFoundation: 216162199b28c13a410421893ffa2e32 -> 
  custom:container-demuxer-ogg: 62fdf1f143b41e24485cea50d1cbac27 -> 
  custom:video-decoder-webm-vp8: 9c59270c3fd7afecdb556c50c9e8de78 -> 
  custom:audio-decoder-ogg-vorbis: bf7c407c2cedff20999df2af8eb42d56 -> 
========================================================================
Received Prepare
Registering precompiled user dll's ...
Registered in 0.005957 seconds.
Begin MonoManager ReloadAssembly
Symbol file LoadedFromMemory doesn't match image C:\Users\Chobaa\Documents\GitHub\VertexBeat\VertexBeat\Library\PackageCache\com.unity.visualscripting@1.8.0\Editor\VisualScripting.Core\Dependencies\YamlDotNet\Unity.VisualScripting.YamlDotNet.dll
Symbol file LoadedFromMemory doesn't match image C:\Users\Chobaa\Documents\GitHub\VertexBeat\VertexBeat\Library\PackageCache\com.unity.visualscripting@1.8.0\Editor\VisualScripting.Core\Dependencies\DotNetZip\Unity.VisualScripting.IonicZip.dll
Native extension for WindowsStandalone target not found
Native extension for Android target not found
Refreshing native plugins compatible for Editor in 0.55 ms, found 3 plugins.
Preloading 0 native plugins for Editor in 0.00 ms.
Mono: successfully reloaded assembly
- Completed reload, in  0.912 seconds
Domain Reload Profiling:
	ReloadAssembly (913ms)
		BeginReloadAssembly (140ms)
			ExecutionOrderSort (0ms)
			DisableScriptedObjects (6ms)
			BackupInstance (0ms)
			ReleaseScriptingObjects (0ms)
			CreateAndSetChildDomain (29ms)
		EndReloadAssembly (678ms)
			LoadAssemblies (91ms)
			RebuildTransferFunctionScriptingTraits (0ms)
			SetupTypeCache (230ms)
			ReleaseScriptCaches (1ms)
			RebuildScriptCaches (38ms)
			SetupLoadedEditorAssemblies (286ms)
				LogAssemblyErrors (0ms)
				InitializePlatformSupportModulesInManaged (21ms)
				SetLoadedEditorAssemblies (0ms)
				RefreshPlugins (1ms)
				BeforeProcessingInitializeOnLoad (59ms)
				ProcessInitializeOnLoadAttributes (177ms)
				ProcessInitializeOnLoadMethodAttributes (19ms)
				AfterProcessingInitializeOnLoad (8ms)
				EditorAssembliesLoaded (0ms)
			ExecutionOrderSort2 (0ms)
			AwakeInstancesAfterBackupRestoration (6ms)
Platform modules already initialized, skipping
Refreshing native plugins compatible for Editor in 1.54 ms, found 3 plugins.
Preloading 0 native plugins for Editor in 0.00 ms.
Unloading 3047 Unused Serialized files (Serialized files now loaded: 0)
Unloading 15 unused Assets / (24.7 KB). Loaded Objects now: 3716.
Memory consumption went from 112.2 MB to 112.2 MB.
Total: 2.829000 ms (FindLiveObjects: 0.222500 ms CreateObjectMapping: 0.087200 ms MarkObjects: 2.503300 ms  DeleteObjects: 0.015200 ms)

AssetImportParameters requested are different than current active one (requested -> active):
  custom:video-decoder-ogg-theora: a1e56fd34408186e4bbccfd4996cb3dc -> 
  custom:container-muxer-webm: aa71ff27fc2769a1b78a27578f13a17b -> 
  custom:container-demuxer-webm: 4f35f7cbe854078d1ac9338744f61a02 -> 
  custom:video-encoder-webm-vp8: eb34c28f22e8b96e1ab97ce403110664 -> 
  custom:audio-encoder-webm-vorbis: bf7c407c2cedff20999df2af8eb42d56 -> 
  custom:framework-win-MediaFoundation: 216162199b28c13a410421893ffa2e32 -> 
  custom:container-demuxer-ogg: 62fdf1f143b41e24485cea50d1cbac27 -> 
  custom:video-decoder-webm-vp8: 9c59270c3fd7afecdb556c50c9e8de78 -> 
  custom:audio-decoder-ogg-vorbis: bf7c407c2cedff20999df2af8eb42d56 -> 
========================================================================
Received Prepare
Registering precompiled user dll's ...
Registered in 0.006307 seconds.
Begin MonoManager ReloadAssembly
Symbol file LoadedFromMemory doesn't match image C:\Users\Chobaa\Documents\GitHub\VertexBeat\VertexBeat\Library\PackageCache\com.unity.visualscripting@1.8.0\Editor\VisualScripting.Core\Dependencies\YamlDotNet\Unity.VisualScripting.YamlDotNet.dll
Symbol file LoadedFromMemory doesn't match image C:\Users\Chobaa\Documents\GitHub\VertexBeat\VertexBeat\Library\PackageCache\com.unity.visualscripting@1.8.0\Editor\VisualScripting.Core\Dependencies\DotNetZip\Unity.VisualScripting.IonicZip.dll
Native extension for WindowsStandalone target not found
Native extension for Android target not found
Refreshing native plugins compatible for Editor in 0.45 ms, found 3 plugins.
Preloading 0 native plugins for Editor in 0.00 ms.
Mono: successfully reloaded assembly
- Completed reload, in  0.925 seconds
Domain Reload Profiling:
	ReloadAssembly (926ms)
		BeginReloadAssembly (134ms)
			ExecutionOrderSort (0ms)
			DisableScriptedObjects (6ms)
			BackupInstance (0ms)
			ReleaseScriptingObjects (0ms)
			CreateAndSetChildDomain (28ms)
		EndReloadAssembly (695ms)
			LoadAssemblies (87ms)
			RebuildTransferFunctionScriptingTraits (0ms)
			SetupTypeCache (239ms)
			ReleaseScriptCaches (1ms)
			RebuildScriptCaches (46ms)
			SetupLoadedEditorAssemblies (286ms)
				LogAssemblyErrors (0ms)
				InitializePlatformSupportModulesInManaged (21ms)
				SetLoadedEditorAssemblies (0ms)
				RefreshPlugins (1ms)
				BeforeProcessingInitializeOnLoad (59ms)
				ProcessInitializeOnLoadAttributes (177ms)
				ProcessInitializeOnLoadMethodAttributes (19ms)
				AfterProcessingInitializeOnLoad (8ms)
				EditorAssembliesLoaded (0ms)
			ExecutionOrderSort2 (0ms)
			AwakeInstancesAfterBackupRestoration (6ms)
Platform modules already initialized, skipping
Refreshing native plugins compatible for Editor in 1.65 ms, found 3 plugins.
Preloading 0 native plugins for Editor in 0.00 ms.
Unloading 3047 Unused Serialized files (Serialized files now loaded: 0)
Unloading 15 unused Assets / (24.8 KB). Loaded Objects now: 3719.
Memory consumption went from 112.2 MB to 112.2 MB.
Total: 2.628500 ms (FindLiveObjects: 0.212200 ms CreateObjectMapping: 0.069700 ms MarkObjects: 2.331800 ms  DeleteObjects: 0.014000 ms)

AssetImportParameters requested are different than current active one (requested -> active):
  custom:video-decoder-ogg-theora: a1e56fd34408186e4bbccfd4996cb3dc -> 
  custom:container-muxer-webm: aa71ff27fc2769a1b78a27578f13a17b -> 
  custom:container-demuxer-webm: 4f35f7cbe854078d1ac9338744f61a02 -> 
  custom:video-encoder-webm-vp8: eb34c28f22e8b96e1ab97ce403110664 -> 
  custom:audio-encoder-webm-vorbis: bf7c407c2cedff20999df2af8eb42d56 -> 
  custom:framework-win-MediaFoundation: 216162199b28c13a410421893ffa2e32 -> 
  custom:container-demuxer-ogg: 62fdf1f143b41e24485cea50d1cbac27 -> 
  custom:video-decoder-webm-vp8: 9c59270c3fd7afecdb556c50c9e8de78 -> 
  custom:audio-decoder-ogg-vorbis: bf7c407c2cedff20999df2af8eb42d56 -> 
